section id,recording id,fixation id,start timestamp [ns],end timestamp [ns],duration [ms],fixation x [px],fixation y [px],azimuth [deg],elevation [deg]
72de6f20-621a-47aa-bbc2-ee12dc7ee47f,25bc20f3-4df6-4c2e-bc6d-dd501ab24f7b,1,1715938456058246087,1715938456298187087,239,654.957,513.596,6.2243860031392675,1.971889490058548
72de6f20-621a-47aa-bbc2-ee12dc7ee47f,25bc20f3-4df6-4c2e-bc6d-dd501ab24f7b,2,1715938456342233087,1715938456786234087,444,467.958,533.016,-7.945811301204765,0.5013680093297846
72de6f20-621a-47aa-bbc2-ee12dc7ee47f,25bc20f3-4df6-4c2e-bc6d-dd501ab24f7b,3,1715938456994282087,1715938457298189087,303,483.854,424.807,-6.793618333783441,8.685243832075228
72de6f20-621a-47aa-bbc2-ee12dc7ee47f,25bc20f3-4df6-4c2e-bc6d-dd501ab24f7b,4,1715938457334168087,1715938457594193087,260,540.57,436.244,-2.4617186166989415,7.83718307923239
72de6f20-621a-47aa-bbc2-ee12dc7ee47f,25bc20f3-4df6-4c2e-bc6d-dd501ab24f7b,5,1715938457642282087,1715938457862159087,219,385.18,361.616,-14.475205230609946,13.355390919085902
72de6f20-621a-47aa-bbc2-ee12dc7ee47f,25bc20f3-4df6-4c2e-bc6d-dd501ab24f7b,6,1715938457922175087,1715938458454206087,532,630.909,408.839,4.445366729023616,9.91046428360582
72de6f20-621a-47aa-bbc2-ee12dc7ee47f,25bc20f3-4df6-4c2e-bc6d-dd501ab24f7b,7,1715938458478188087,1715938458954238087,476,603.843,351.413,2.4012344296774137,14.271663257547948
72de6f20-621a-47aa-bbc2-ee12dc7ee47f,25bc20f3-4df6-4c2e-bc6d-dd501ab24f7b,8,1715938459122333087,1715938459322236087,199,568.157,323.58,-0.36196871054300067,16.38614941473223
72de6f20-621a-47aa-bbc2-ee12dc7ee47f,25bc20f3-4df6-4c2e-bc6d-dd501ab24f7b,9,1715938459342234087,1715938459958195087,615,549.036,327.73,-1.849977245860284,16.06767539664476
72de6f20-621a-47aa-bbc2-ee12dc7ee47f,25bc20f3-4df6-4c2e-bc6d-dd501ab24f7b,10,1715938459978290087,1715938461590244087,1611,507.308,363.835,-5.05507667945355,13.312608210385353
72de6f20-621a-47aa-bbc2-ee12dc7ee47f,25bc20f3-4df6-4c2e-bc6d-dd501ab24f7b,11,1715938461630207087,1715938463902186087,2271,570.395,333.953,-0.1876069026561131,15.599051001065051
72de6f20-621a-47aa-bbc2-ee12dc7ee47f,25bc20f3-4df6-4c2e-bc6d-dd501ab24f7b,12,1715938463930209087,1715938464866233087,936,657.476,357.008,6.545548657769678,13.824334277164418
72de6f20-621a-47aa-bbc2-ee12dc7ee47f,25bc20f3-4df6-4c2e-bc6d-dd501ab24f7b,13,1715938464926298087,1715938465190293087,263,439.199,309.027,-10.444291455443759,17.392895650530246
72de6f20-621a-47aa-bbc2-ee12dc7ee47f,25bc20f3-4df6-4c2e-bc6d-dd501ab24f7b,14,1715938465214264087,1715938465542265087,328,510.4,314.113,-4.873118483010844,17.082221945825513
72de6f20-621a-47aa-bbc2-ee12dc7ee47f,25bc20f3-4df6-4c2e-bc6d-dd501ab24f7b,15,1715938465690234087,1715938467330251087,1640,570.988,318.014,-0.14130183356396492,16.808822272553392
72de6f20-621a-47aa-bbc2-ee12dc7ee47f,25bc20f3-4df6-4c2e-bc6d-dd501ab24f7b,16,1715938467402261087,1715938467878234087,475,602.694,551.469,2.260064692890718,-0.8961321810843013
72de6f20-621a-47aa-bbc2-ee12dc7ee47f,25bc20f3-4df6-4c2e-bc6d-dd501ab24f7b,17,1715938467910234087,1715938468078394087,168,549.321,525.224,-1.7846187130560671,1.0932318208938587
72de6f20-621a-47aa-bbc2-ee12dc7ee47f,25bc20f3-4df6-4c2e-bc6d-dd501ab24f7b,18,1715938468118264087,1715938468326244087,207,637.543,535.632,4.9014980774913095,0.3042183448656799
72de6f20-621a-47aa-bbc2-ee12dc7ee47f,25bc20f3-4df6-4c2e-bc6d-dd501ab24f7b,19,1715938468382273087,1715938468810203087,427,570.057,323.46,-0.213872049833966,16.39543426178383
72de6f20-621a-47aa-bbc2-ee12dc7ee47f,25bc20f3-4df6-4c2e-bc6d-dd501ab24f7b,20,1715938468850215087,1715938469054211087,203,456.864,309.834,-9.062139266333142,17.355192314739444
72de6f20-621a-47aa-bbc2-ee12dc7ee47f,25bc20f3-4df6-4c2e-bc6d-dd501ab24f7b,21,1715938469098600087,1715938469282227087,183,595.159,330.789,1.7386673596989057,15.838097412549953
72de6f20-621a-47aa-bbc2-ee12dc7ee47f,25bc20f3-4df6-4c2e-bc6d-dd501ab24f7b,22,1715938469310192087,1715938470066306087,756,607.897,351.845,2.7148347163656834,14.237938059151505
72de6f20-621a-47aa-bbc2-ee12dc7ee47f,25bc20f3-4df6-4c2e-bc6d-dd501ab24f7b,23,1715938470106186087,1715938470990224087,884,493.604,348.643,-6.1319029057408585,14.454464991745724
72de6f20-621a-47aa-bbc2-ee12dc7ee47f,25bc20f3-4df6-4c2e-bc6d-dd501ab24f7b,24,1715938471014256087,1715938471318227087,303,458.599,330.468,-8.878165563675283,15.797660138569624
72de6f20-621a-47aa-bbc2-ee12dc7ee47f,25bc20f3-4df6-4c2e-bc6d-dd501ab24f7b,25,1715938471342222087,1715938471966251087,624,479.477,356.937,-7.211714409230311,13.816113175403524
72de6f20-621a-47aa-bbc2-ee12dc7ee47f,25bc20f3-4df6-4c2e-bc6d-dd501ab24f7b,26,1715938471994240087,1715938472522237087,527,511.441,343.062,-4.757599058605021,14.888725317567646
72de6f20-621a-47aa-bbc2-ee12dc7ee47f,25bc20f3-4df6-4c2e-bc6d-dd501ab24f7b,27,1715938472582270087,1715938472722248087,139,482.727,516.08,-6.829873921628556,1.782334834493158
72de6f20-621a-47aa-bbc2-ee12dc7ee47f,25bc20f3-4df6-4c2e-bc6d-dd501ab24f7b,28,1715938472754247087,1715938472958227087,203,424.674,513.579,-11.225694939790728,1.963684228369785
72de6f20-621a-47aa-bbc2-ee12dc7ee47f,25bc20f3-4df6-4c2e-bc6d-dd501ab24f7b,29,1715938472990451087,1715938473342292087,351,456.365,489.661,-8.835951174678307,3.7739779057912313
72de6f20-621a-47aa-bbc2-ee12dc7ee47f,25bc20f3-4df6-4c2e-bc6d-dd501ab24f7b,30,1715938473394241087,1715938473598223087,203,499.96,331.388,-5.662916440461056,15.765789457107108
72de6f20-621a-47aa-bbc2-ee12dc7ee47f,25bc20f3-4df6-4c2e-bc6d-dd501ab24f7b,31,1715938473646213087,1715938474210231087,564,615.416,353.683,3.295412890827387,14.096461821052305
72de6f20-621a-47aa-bbc2-ee12dc7ee47f,25bc20f3-4df6-4c2e-bc6d-dd501ab24f7b,32,1715938474242239087,1715938474550246087,308,540.159,315.974,-2.548065090556653,16.95678380334781
72de6f20-621a-47aa-bbc2-ee12dc7ee47f,25bc20f3-4df6-4c2e-bc6d-dd501ab24f7b,33,1715938474590247087,1715938474998204087,407,484.389,330.154,-6.874922851106219,15.846835750703889
72de6f20-621a-47aa-bbc2-ee12dc7ee47f,25bc20f3-4df6-4c2e-bc6d-dd501ab24f7b,34,1715938475142214087,1715938475998295087,856,481.89,322.06,-7.083649258022212,16.45726306766518
72de6f20-621a-47aa-bbc2-ee12dc7ee47f,25bc20f3-4df6-4c2e-bc6d-dd501ab24f7b,35,1715938476314642087,1715938476538236087,223,511.251,335.538,-4.780708957764218,15.458838836943999
72de6f20-621a-47aa-bbc2-ee12dc7ee47f,25bc20f3-4df6-4c2e-bc6d-dd501ab24f7b,36,1715938476582269087,1715938476810286087,228,722.099,359.932,11.537920363770333,13.545876107306814
72de6f20-621a-47aa-bbc2-ee12dc7ee47f,25bc20f3-4df6-4c2e-bc6d-dd501ab24f7b,37,1715938476842253087,1715938477738181087,895,587.926,322.493,1.1789789117912204,16.468615902011912
72de6f20-621a-47aa-bbc2-ee12dc7ee47f,25bc20f3-4df6-4c2e-bc6d-dd501ab24f7b,38,1715938477758196087,1715938477886240087,128,591.492,360.323,1.441947598517786,13.597793540442913
72de6f20-621a-47aa-bbc2-ee12dc7ee47f,25bc20f3-4df6-4c2e-bc6d-dd501ab24f7b,39,1715938477926281087,1715938478774194087,847,670.707,460.716,7.444183071205415,5.969772703397745
72de6f20-621a-47aa-bbc2-ee12dc7ee47f,25bc20f3-4df6-4c2e-bc6d-dd501ab24f7b,40,1715938479050188087,1715938479370217087,320,640.411,331.651,5.258474669194265,15.75595231760398
72de6f20-621a-47aa-bbc2-ee12dc7ee47f,25bc20f3-4df6-4c2e-bc6d-dd501ab24f7b,41,1715938479418606087,1715938479914198087,495,637.108,445.711,4.895050796050912,7.115228336894721
72de6f20-621a-47aa-bbc2-ee12dc7ee47f,25bc20f3-4df6-4c2e-bc6d-dd501ab24f7b,42,1715938479946173087,1715938480494200087,548,643.377,318.105,5.509704765854923,16.781065036990256
72de6f20-621a-47aa-bbc2-ee12dc7ee47f,25bc20f3-4df6-4c2e-bc6d-dd501ab24f7b,43,1715938480558285087,1715938481150178087,591,430.693,314.165,-11.093077266074188,16.99300211539009
72de6f20-621a-47aa-bbc2-ee12dc7ee47f,25bc20f3-4df6-4c2e-bc6d-dd501ab24f7b,44,1715938481174257087,1715938481386213087,211,495.535,315.925,-6.030587675338357,16.933778899783313
72de6f20-621a-47aa-bbc2-ee12dc7ee47f,25bc20f3-4df6-4c2e-bc6d-dd501ab24f7b,45,1715938481434198087,1715938481814221087,380,601.964,422.357,2.224126092690924,8.891957731458518
72de6f20-621a-47aa-bbc2-ee12dc7ee47f,25bc20f3-4df6-4c2e-bc6d-dd501ab24f7b,46,1715938481862555087,1715938482003296087,140,570.169,525.011,-0.20492188248355214,1.109568243313315
72de6f20-621a-47aa-bbc2-ee12dc7ee47f,25bc20f3-4df6-4c2e-bc6d-dd501ab24f7b,47,1715938482034754087,1715938482282204087,247,496.006,513.265,-5.824717473265628,1.9964397316113205
72de6f20-621a-47aa-bbc2-ee12dc7ee47f,25bc20f3-4df6-4c2e-bc6d-dd501ab24f7b,48,1715938482314169087,1715938482462253087,148,561.542,491.08,-0.8595080266898394,3.6820103933243216
72de6f20-621a-47aa-bbc2-ee12dc7ee47f,25bc20f3-4df6-4c2e-bc6d-dd501ab24f7b,49,1715938482502250087,1715938482742247087,239,627.689,539.344,4.154422399074616,0.02306600971073979
72de6f20-621a-47aa-bbc2-ee12dc7ee47f,25bc20f3-4df6-4c2e-bc6d-dd501ab24f7b,50,1715938482810213087,1715938483694173087,883,579.818,309.867,0.5495936729561715,17.42758216704392
72de6f20-621a-47aa-bbc2-ee12dc7ee47f,25bc20f3-4df6-4c2e-bc6d-dd501ab24f7b,51,1715938483734229087,1715938484094172087,359,459.426,304.19,-8.87606427472637,17.785013244413886
72de6f20-621a-47aa-bbc2-ee12dc7ee47f,25bc20f3-4df6-4c2e-bc6d-dd501ab24f7b,52,1715938484114252087,1715938484798303087,684,468.692,326.68,-8.101810949623719,16.09479126966169
72de6f20-621a-47aa-bbc2-ee12dc7ee47f,25bc20f3-4df6-4c2e-bc6d-dd501ab24f7b,53,1715938484818444087,1715938485086272087,267,504.71,319.742,-5.309433319115837,16.65163340072161
72de6f20-621a-47aa-bbc2-ee12dc7ee47f,25bc20f3-4df6-4c2e-bc6d-dd501ab24f7b,54,1715938485118212087,1715938485246218087,128,606.665,320.645,2.6413814025350626,16.605351084565935
72de6f20-621a-47aa-bbc2-ee12dc7ee47f,25bc20f3-4df6-4c2e-bc6d-dd501ab24f7b,55,1715938485434745087,1715938488330203087,2895,572.467,317.486,-0.02578370902189841,16.84897667193573
72de6f20-621a-47aa-bbc2-ee12dc7ee47f,25bc20f3-4df6-4c2e-bc6d-dd501ab24f7b,56,1715938488542387087,1715938489554176087,1011,559.642,311.343,-1.028157305539657,17.313812646876837
72de6f20-621a-47aa-bbc2-ee12dc7ee47f,25bc20f3-4df6-4c2e-bc6d-dd501ab24f7b,57,1715938489582169087,1715938490082209087,500,612.804,326.683,3.114955718854183,16.145321737534804
72de6f20-621a-47aa-bbc2-ee12dc7ee47f,25bc20f3-4df6-4c2e-bc6d-dd501ab24f7b,58,1715938490110181087,1715938490562197087,452,655.406,317.086,6.450935994600059,16.849830391465073
72de6f20-621a-47aa-bbc2-ee12dc7ee47f,25bc20f3-4df6-4c2e-bc6d-dd501ab24f7b,59,1715938490598231087,1715938490802209087,203,599.358,336.908,2.0618961477164754,15.373045930309283
72de6f20-621a-47aa-bbc2-ee12dc7ee47f,25bc20f3-4df6-4c2e-bc6d-dd501ab24f7b,60,1715938490850159087,1715938491266220087,416,472.7,322.674,-7.798071327164593,16.40190248612735
72de6f20-621a-47aa-bbc2-ee12dc7ee47f,25bc20f3-4df6-4c2e-bc6d-dd501ab24f7b,61,1715938491442200087,1715938493274242087,1832,510.607,315.766,-4.854804677706375,16.957059470229463
72de6f20-621a-47aa-bbc2-ee12dc7ee47f,25bc20f3-4df6-4c2e-bc6d-dd501ab24f7b,62,1715938493410176087,1715938493722202087,312,440.967,309.156,-10.305828325670136,17.385559842194272
72de6f20-621a-47aa-bbc2-ee12dc7ee47f,25bc20f3-4df6-4c2e-bc6d-dd501ab24f7b,63,1715938493742205087,1715938494382191087,639,512.357,322.139,-4.710439924175458,16.475088472928466
72de6f20-621a-47aa-bbc2-ee12dc7ee47f,25bc20f3-4df6-4c2e-bc6d-dd501ab24f7b,64,1715938494618206087,1715938494938274087,320,546.952,316.034,-2.0178165366695247,16.954563737593332
72de6f20-621a-47aa-bbc2-ee12dc7ee47f,25bc20f3-4df6-4c2e-bc6d-dd501ab24f7b,65,1715938494962284087,1715938495282169087,319,515.47,324.064,-4.465704375720527,16.33107737164046
72de6f20-621a-47aa-bbc2-ee12dc7ee47f,25bc20f3-4df6-4c2e-bc6d-dd501ab24f7b,66,1715938495318193087,1715938495602195087,284,463.817,315.738,-8.505258922148888,16.91698978130358
72de6f20-621a-47aa-bbc2-ee12dc7ee47f,25bc20f3-4df6-4c2e-bc6d-dd501ab24f7b,67,1715938495658200087,1715938496586192087,927,680.337,366.043,8.297363441374273,13.124265082593844
72de6f20-621a-47aa-bbc2-ee12dc7ee47f,25bc20f3-4df6-4c2e-bc6d-dd501ab24f7b,68,1715938496638357087,1715938497330185087,691,460.311,324.221,-8.759076015523078,16.271768466679518
72de6f20-621a-47aa-bbc2-ee12dc7ee47f,25bc20f3-4df6-4c2e-bc6d-dd501ab24f7b,69,1715938497502274087,1715938497822273087,319,437.155,319.906,-10.57265268374728,16.568919586064386
72de6f20-621a-47aa-bbc2-ee12dc7ee47f,25bc20f3-4df6-4c2e-bc6d-dd501ab24f7b,70,1715938497842202087,1715938498630244087,788,461.727,315.175,-8.669570437503475,16.95721818182775
72de6f20-621a-47aa-bbc2-ee12dc7ee47f,25bc20f3-4df6-4c2e-bc6d-dd501ab24f7b,71,1715938498682169087,1715938499174200087,492,528.314,475.404,-3.3835054806189206,4.867472945176764
72de6f20-621a-47aa-bbc2-ee12dc7ee47f,25bc20f3-4df6-4c2e-bc6d-dd501ab24f7b,72,1715938499222184087,1715938499426201087,204,450.72,492.574,-9.262307924589788,3.552676881804121
72de6f20-621a-47aa-bbc2-ee12dc7ee47f,25bc20f3-4df6-4c2e-bc6d-dd501ab24f7b,73,1715938499478259087,1715938499630202087,151,561.321,477.694,-0.876855140659983,4.696893123848501
72de6f20-621a-47aa-bbc2-ee12dc7ee47f,25bc20f3-4df6-4c2e-bc6d-dd501ab24f7b,74,1715938499650196087,1715938499834191087,183,590.833,509.19,1.361888982229,2.3090481478761857
72de6f20-621a-47aa-bbc2-ee12dc7ee47f,25bc20f3-4df6-4c2e-bc6d-dd501ab24f7b,75,1715938499878213087,1715938500726198087,847,676.386,342.566,8.035719448289262,14.90336327847754
72de6f20-621a-47aa-bbc2-ee12dc7ee47f,25bc20f3-4df6-4c2e-bc6d-dd501ab24f7b,76,1715938500778220087,1715938502122224087,1344,467.057,318.726,-8.245948449695055,16.694645296579473
72de6f20-621a-47aa-bbc2-ee12dc7ee47f,25bc20f3-4df6-4c2e-bc6d-dd501ab24f7b,77,1715938502178716087,1715938503162333087,983,544.494,388.29,-2.176882293812101,11.473340166076314
72de6f20-621a-47aa-bbc2-ee12dc7ee47f,25bc20f3-4df6-4c2e-bc6d-dd501ab24f7b,78,1715938503198180087,1715938505494201087,2296,461.408,318.649,-8.686373349355005,16.694214149118807
72de6f20-621a-47aa-bbc2-ee12dc7ee47f,25bc20f3-4df6-4c2e-bc6d-dd501ab24f7b,79,1715938505554194087,1715938506090192087,535,662.367,343.883,6.945377288515764,14.814845564947836
72de6f20-621a-47aa-bbc2-ee12dc7ee47f,25bc20f3-4df6-4c2e-bc6d-dd501ab24f7b,80,1715938506150183087,1715938506342189087,192,537.116,468.886,-2.7164906437999248,5.3625782965811135
72de6f20-621a-47aa-bbc2-ee12dc7ee47f,25bc20f3-4df6-4c2e-bc6d-dd501ab24f7b,81,1715938506374206087,1715938506466258087,92,598.145,470.516,1.9211042818689965,5.240891592420831
72de6f20-621a-47aa-bbc2-ee12dc7ee47f,25bc20f3-4df6-4c2e-bc6d-dd501ab24f7b,82,1715938506514192087,1715938506766171087,251,432.995,323.742,-10.885730864146893,16.273859279164217
72de6f20-621a-47aa-bbc2-ee12dc7ee47f,25bc20f3-4df6-4c2e-bc6d-dd501ab24f7b,83,1715938506826229087,1715938507094384087,268,667.619,335.144,7.369024449572532,15.472427242725908
72de6f20-621a-47aa-bbc2-ee12dc7ee47f,25bc20f3-4df6-4c2e-bc6d-dd501ab24f7b,84,1715938507154186087,1715938509022199087,1868,432.423,325.492,-10.925240450924122,16.141092470708728
72de6f20-621a-47aa-bbc2-ee12dc7ee47f,25bc20f3-4df6-4c2e-bc6d-dd501ab24f7b,85,1715938509074296087,1715938509402175087,327,549.177,466.693,-1.8004492492620392,5.530134546713644
72de6f20-621a-47aa-bbc2-ee12dc7ee47f,25bc20f3-4df6-4c2e-bc6d-dd501ab24f7b,86,1715938509450212087,1715938509778206087,327,434.314,313.484,-10.812570496839903,17.049573255897315
72de6f20-621a-47aa-bbc2-ee12dc7ee47f,25bc20f3-4df6-4c2e-bc6d-dd501ab24f7b,87,1715938509842233087,1715938510854203087,1011,668.791,348.179,7.436049003171657,14.484791540357618
72de6f20-621a-47aa-bbc2-ee12dc7ee47f,25bc20f3-4df6-4c2e-bc6d-dd501ab24f7b,88,1715938510906314087,1715938511578210087,671,477.221,321.249,-7.448805488014427,16.514194467192095
72de6f20-621a-47aa-bbc2-ee12dc7ee47f,25bc20f3-4df6-4c2e-bc6d-dd501ab24f7b,89,1715938511634219087,1715938512418179087,783,703.598,341.18,10.151674384136525,14.981618834950927
72de6f20-621a-47aa-bbc2-ee12dc7ee47f,25bc20f3-4df6-4c2e-bc6d-dd501ab24f7b,90,1715938512474166087,1715938514194230087,1720,487.635,321.242,-6.6376748706054425,16.524389436655913
72de6f20-621a-47aa-bbc2-ee12dc7ee47f,25bc20f3-4df6-4c2e-bc6d-dd501ab24f7b,91,1715938514254197087,1715938514662201087,408,609.253,474.252,2.7645558761350855,4.956856117106224
72de6f20-621a-47aa-bbc2-ee12dc7ee47f,25bc20f3-4df6-4c2e-bc6d-dd501ab24f7b,92,1715938514970184087,1715938515142200087,172,496.328,332.759,-5.94314093725005,15.6592440299204
72de6f20-621a-47aa-bbc2-ee12dc7ee47f,25bc20f3-4df6-4c2e-bc6d-dd501ab24f7b,93,1715938515202179087,1715938515430386087,228,703.66,356.468,10.119724611488058,13.826949915076193
72de6f20-621a-47aa-bbc2-ee12dc7ee47f,25bc20f3-4df6-4c2e-bc6d-dd501ab24f7b,94,1715938515482220087,1715938517302255087,1820,478.257,323.376,-7.364100428448657,16.354280420522322
72de6f20-621a-47aa-bbc2-ee12dc7ee47f,25bc20f3-4df6-4c2e-bc6d-dd501ab24f7b,95,1715938517430179087,1715938518126174087,695,501.007,358.671,-5.54700648871938,13.700079028035045
72de6f20-621a-47aa-bbc2-ee12dc7ee47f,25bc20f3-4df6-4c2e-bc6d-dd501ab24f7b,96,1715938518158218087,1715938518710262087,552,542.58,517.531,-2.2957154141612457,1.676102124132295
72de6f20-621a-47aa-bbc2-ee12dc7ee47f,25bc20f3-4df6-4c2e-bc6d-dd501ab24f7b,97,1715938518734245087,1715938519198434087,464,531.79,510.775,-3.1138729228106414,2.18765347726939
72de6f20-621a-47aa-bbc2-ee12dc7ee47f,25bc20f3-4df6-4c2e-bc6d-dd501ab24f7b,98,1715938519254279087,1715938519382264087,127,667.146,570.649,7.149644314382111,-2.3442873211629074
72de6f20-621a-47aa-bbc2-ee12dc7ee47f,25bc20f3-4df6-4c2e-bc6d-dd501ab24f7b,99,1715938519446176087,1715938519690197087,244,482.327,512.5,-6.860930358252101,2.052953464334722
72de6f20-621a-47aa-bbc2-ee12dc7ee47f,25bc20f3-4df6-4c2e-bc6d-dd501ab24f7b,100,1715938519718196087,1715938520110248087,392,434.554,457.996,-10.51427654241179,6.1543180382834075
72de6f20-621a-47aa-bbc2-ee12dc7ee47f,25bc20f3-4df6-4c2e-bc6d-dd501ab24f7b,101,1715938520138187087,1715938520214198087,76,409.915,543.972,-12.337631412548264,-0.32398758663413324
72de6f20-621a-47aa-bbc2-ee12dc7ee47f,25bc20f3-4df6-4c2e-bc6d-dd501ab24f7b,102,1715938520282223087,1715938520402195087,119,615.733,660.583,3.277102512587445,-9.16194181044619
72de6f20-621a-47aa-bbc2-ee12dc7ee47f,25bc20f3-4df6-4c2e-bc6d-dd501ab24f7b,103,1715938520634196087,1715938520810197087,176,424.706,445.302,-11.276932717850203,7.1051726327125735
72de6f20-621a-47aa-bbc2-ee12dc7ee47f,25bc20f3-4df6-4c2e-bc6d-dd501ab24f7b,104,1715938521010175087,1715938521090176087,80,466.974,408.019,-8.10078729675126,9.945094040125326
72de6f20-621a-47aa-bbc2-ee12dc7ee47f,25bc20f3-4df6-4c2e-bc6d-dd501ab24f7b,105,1715938521150236087,1715938521302231087,151,645.266,443.853,5.517947426459636,7.253764608434798
72de6f20-621a-47aa-bbc2-ee12dc7ee47f,25bc20f3-4df6-4c2e-bc6d-dd501ab24f7b,106,1715938521342183087,1715938521482206087,140,516.042,426.205,-4.336560384823576,8.592091256546873
72de6f20-621a-47aa-bbc2-ee12dc7ee47f,25bc20f3-4df6-4c2e-bc6d-dd501ab24f7b,107,1715938521518183087,1715938521982179087,463,459.792,447.167,-8.606199087793735,6.983826361551869
72de6f20-621a-47aa-bbc2-ee12dc7ee47f,25bc20f3-4df6-4c2e-bc6d-dd501ab24f7b,108,1715938522202210087,1715938522358181087,155,476.695,452.23,-7.31648020364868,6.608504365971857
72de6f20-621a-47aa-bbc2-ee12dc7ee47f,25bc20f3-4df6-4c2e-bc6d-dd501ab24f7b,109,1715938522382198087,1715938522582215087,200,492.558,434.441,-6.12209706448979,7.960236336011028
72de6f20-621a-47aa-bbc2-ee12dc7ee47f,25bc20f3-4df6-4c2e-bc6d-dd501ab24f7b,110,1715938522614218087,1715938524410218087,1796,555.074,467.15,-1.3522440073735413,5.49591996620017
72de6f20-621a-47aa-bbc2-ee12dc7ee47f,25bc20f3-4df6-4c2e-bc6d-dd501ab24f7b,111,1715938524450215087,1715938525218206087,767,480.406,438.858,-7.0444275935357705,7.621108374825928
72de6f20-621a-47aa-bbc2-ee12dc7ee47f,25bc20f3-4df6-4c2e-bc6d-dd501ab24f7b,112,1715938525246176087,1715938525674215087,428,565.687,404.933,-0.5483437081392957,10.21444414072217
72de6f20-621a-47aa-bbc2-ee12dc7ee47f,25bc20f3-4df6-4c2e-bc6d-dd501ab24f7b,113,1715938525834181087,1715938526026189087,192,510.11,411.354,-4.7990237382345,9.714836402952228
72de6f20-621a-47aa-bbc2-ee12dc7ee47f,25bc20f3-4df6-4c2e-bc6d-dd501ab24f7b,114,1715938526062307087,1715938526750176087,687,590.59,401.327,1.3600318814969001,10.48785529262963
72de6f20-621a-47aa-bbc2-ee12dc7ee47f,25bc20f3-4df6-4c2e-bc6d-dd501ab24f7b,115,1715938526798175087,1715938526942189087,144,446.746,372.241,-9.707964338046764,12.630768763129211
72de6f20-621a-47aa-bbc2-ee12dc7ee47f,25bc20f3-4df6-4c2e-bc6d-dd501ab24f7b,116,1715938526998181087,1715938527470172087,471,581.611,402.542,0.6716949060179364,10.396129640112278
72de6f20-621a-47aa-bbc2-ee12dc7ee47f,25bc20f3-4df6-4c2e-bc6d-dd501ab24f7b,117,1715938527518246087,1715938527666184087,147,519.131,506.74,-4.073754477524254,2.492500073292611
72de6f20-621a-47aa-bbc2-ee12dc7ee47f,25bc20f3-4df6-4c2e-bc6d-dd501ab24f7b,118,1715938527718193087,1715938527834223087,116,452.768,562.981,-9.097730580770214,-1.7601425674075397
72de6f20-621a-47aa-bbc2-ee12dc7ee47f,25bc20f3-4df6-4c2e-bc6d-dd501ab24f7b,119,1715938527890200087,1715938528362198087,471,530.454,419.125,-3.2396997512578753,9.13253684741108
72de6f20-621a-47aa-bbc2-ee12dc7ee47f,25bc20f3-4df6-4c2e-bc6d-dd501ab24f7b,120,1715938528422193087,1715938528710192087,287,424.677,493.356,-11.2351289514926,3.486449745494554
72de6f20-621a-47aa-bbc2-ee12dc7ee47f,25bc20f3-4df6-4c2e-bc6d-dd501ab24f7b,121,1715938528750256087,1715938529906185087,1155,533.338,462.782,-3.005038074554468,5.824658782534364
72de6f20-621a-47aa-bbc2-ee12dc7ee47f,25bc20f3-4df6-4c2e-bc6d-dd501ab24f7b,122,1715938529942208087,1715938530234190087,291,483.227,375.693,-6.895849574409933,12.39998941563257
72de6f20-621a-47aa-bbc2-ee12dc7ee47f,25bc20f3-4df6-4c2e-bc6d-dd501ab24f7b,123,1715938530258244087,1715938532110202087,1851,515.117,375.128,-4.442903784307387,12.461008585876458
72de6f20-621a-47aa-bbc2-ee12dc7ee47f,25bc20f3-4df6-4c2e-bc6d-dd501ab24f7b,124,1715938532134181087,1715938532898204087,764,546.727,380.597,-2.0080344396242213,12.057155694008696
72de6f20-621a-47aa-bbc2-ee12dc7ee47f,25bc20f3-4df6-4c2e-bc6d-dd501ab24f7b,125,1715938532930203087,1715938534314270087,1384,507.066,386.339,-5.052081487606666,11.608054145715057
72de6f20-621a-47aa-bbc2-ee12dc7ee47f,25bc20f3-4df6-4c2e-bc6d-dd501ab24f7b,126,1715938534358204087,1715938534602215087,244,581.608,365.951,0.6773492813761635,13.171535535410959
72de6f20-621a-47aa-bbc2-ee12dc7ee47f,25bc20f3-4df6-4c2e-bc6d-dd501ab24f7b,127,1715938534662324087,1715938534790174087,127,508.987,506.813,-4.842414262912087,2.4860287383846154
72de6f20-621a-47aa-bbc2-ee12dc7ee47f,25bc20f3-4df6-4c2e-bc6d-dd501ab24f7b,128,1715938534814207087,1715938535038212087,224,507.462,537.048,-4.954831326663795,0.1968640315777729
72de6f20-621a-47aa-bbc2-ee12dc7ee47f,25bc20f3-4df6-4c2e-bc6d-dd501ab24f7b,129,1715938535070230087,1715938535238556087,168,577.246,541.282,0.3313983555371203,-0.12402115597246934
72de6f20-621a-47aa-bbc2-ee12dc7ee47f,25bc20f3-4df6-4c2e-bc6d-dd501ab24f7b,130,1715938535278190087,1715938535438174087,159,662.576,527.589,6.800063407482149,0.9125262012193137
72de6f20-621a-47aa-bbc2-ee12dc7ee47f,25bc20f3-4df6-4c2e-bc6d-dd501ab24f7b,131,1715938535470169087,1715938535586181087,116,699.923,525.084,9.63290026219595,1.099942277227815
72de6f20-621a-47aa-bbc2-ee12dc7ee47f,25bc20f3-4df6-4c2e-bc6d-dd501ab24f7b,132,1715938535774229087,1715938536710211087,935,587.708,366.334,1.1478972213504965,13.142149097864188
72de6f20-621a-47aa-bbc2-ee12dc7ee47f,25bc20f3-4df6-4c2e-bc6d-dd501ab24f7b,133,1715938536738196087,1715938538938192087,2199,577.684,382.944,0.3727323002786646,11.882572500825589
72de6f20-621a-47aa-bbc2-ee12dc7ee47f,25bc20f3-4df6-4c2e-bc6d-dd501ab24f7b,134,1715938538998300087,1715938539374302087,376,642.967,527.301,5.313209860479635,0.9349888383356371
72de6f20-621a-47aa-bbc2-ee12dc7ee47f,25bc20f3-4df6-4c2e-bc6d-dd501ab24f7b,135,1715938539410218087,1715938539774217087,363,587.847,549.254,1.1347136475727935,-0.7283417941268064
72de6f20-621a-47aa-bbc2-ee12dc7ee47f,25bc20f3-4df6-4c2e-bc6d-dd501ab24f7b,136,1715938539830201087,1715938540290207087,460,470.522,549.878,-7.751794617197636,-0.7725621829410206
72de6f20-621a-47aa-bbc2-ee12dc7ee47f,25bc20f3-4df6-4c2e-bc6d-dd501ab24f7b,137,1715938540318204087,1715938540558184087,239,513.655,531.487,-4.486038925764887,0.618029349636282
72de6f20-621a-47aa-bbc2-ee12dc7ee47f,25bc20f3-4df6-4c2e-bc6d-dd501ab24f7b,138,1715938540610188087,1715938540678182087,67,618.336,521.92,3.446163025965191,1.34333273928897
72de6f20-621a-47aa-bbc2-ee12dc7ee47f,25bc20f3-4df6-4c2e-bc6d-dd501ab24f7b,139,1715938540918252087,1715938541022226087,103,521.604,388.475,-3.9342838668026223,11.452466877736358
72de6f20-621a-47aa-bbc2-ee12dc7ee47f,25bc20f3-4df6-4c2e-bc6d-dd501ab24f7b,140,1715938541046187087,1715938542986184087,1939,461.579,365.324,-8.578467966809919,13.166854239562939
72de6f20-621a-47aa-bbc2-ee12dc7ee47f,25bc20f3-4df6-4c2e-bc6d-dd501ab24f7b,141,1715938543202201087,1715938547110200087,3907,457.552,366.986,-8.885831652118336,13.037708245172535
72de6f20-621a-47aa-bbc2-ee12dc7ee47f,25bc20f3-4df6-4c2e-bc6d-dd501ab24f7b,142,1715938547162176087,1715938547394189087,232,453.591,507.727,-9.038446701638756,2.409669090756407
72de6f20-621a-47aa-bbc2-ee12dc7ee47f,25bc20f3-4df6-4c2e-bc6d-dd501ab24f7b,143,1715938547430192087,1715938547542189087,111,510.265,459.656,-4.759906374872179,6.056974065722726
72de6f20-621a-47aa-bbc2-ee12dc7ee47f,25bc20f3-4df6-4c2e-bc6d-dd501ab24f7b,144,1715938547574216087,1715938547810227087,236,607.325,418.271,2.635458541392675,9.20101237180311
72de6f20-621a-47aa-bbc2-ee12dc7ee47f,25bc20f3-4df6-4c2e-bc6d-dd501ab24f7b,145,1715938547842297087,1715938547902191087,59,668.104,401.038,7.303508678363608,10.485326102655343
72de6f20-621a-47aa-bbc2-ee12dc7ee47f,25bc20f3-4df6-4c2e-bc6d-dd501ab24f7b,146,1715938547942260087,1715938548330180087,387,533.703,372.183,-3.0141352250579247,12.691571236087997
72de6f20-621a-47aa-bbc2-ee12dc7ee47f,25bc20f3-4df6-4c2e-bc6d-dd501ab24f7b,147,1715938548386202087,1715938548642199087,255,628.026,586.292,4.185276549692343,-3.533274200084882
72de6f20-621a-47aa-bbc2-ee12dc7ee47f,25bc20f3-4df6-4c2e-bc6d-dd501ab24f7b,148,1715938548694200087,1715938548826167087,131,689.611,575.969,8.855898884479252,-2.7426870278748865
72de6f20-621a-47aa-bbc2-ee12dc7ee47f,25bc20f3-4df6-4c2e-bc6d-dd501ab24f7b,149,1715938548898186087,1715938549166205087,268,459.59,380.779,-8.70541534743025,11.997631616987713
72de6f20-621a-47aa-bbc2-ee12dc7ee47f,25bc20f3-4df6-4c2e-bc6d-dd501ab24f7b,150,1715938549222375087,1715938549410190087,187,572.283,538.391,-0.04469178019857127,0.09514660283176103
72de6f20-621a-47aa-bbc2-ee12dc7ee47f,25bc20f3-4df6-4c2e-bc6d-dd501ab24f7b,151,1715938549434178087,1715938549574206087,140,548.372,554.481,-1.8564307575189343,-1.1243254750823752
72de6f20-621a-47aa-bbc2-ee12dc7ee47f,25bc20f3-4df6-4c2e-bc6d-dd501ab24f7b,152,1715938549610191087,1715938549710230087,100,617.745,515.735,3.4019774386882307,1.8120889555519062
72de6f20-621a-47aa-bbc2-ee12dc7ee47f,25bc20f3-4df6-4c2e-bc6d-dd501ab24f7b,153,1715938549782228087,1715938550822213087,1039,551.862,379.456,-1.6134267761578949,12.14473152953102
72de6f20-621a-47aa-bbc2-ee12dc7ee47f,25bc20f3-4df6-4c2e-bc6d-dd501ab24f7b,154,1715938550862190087,1715938551222196087,360,536.556,419.63,-2.773355609182607,9.095754982003788
72de6f20-621a-47aa-bbc2-ee12dc7ee47f,25bc20f3-4df6-4c2e-bc6d-dd501ab24f7b,155,1715938551270207087,1715938551414185087,143,400.528,436.911,-13.128288110074095,7.719358951635862
72de6f20-621a-47aa-bbc2-ee12dc7ee47f,25bc20f3-4df6-4c2e-bc6d-dd501ab24f7b,156,1715938551470203087,1715938551630163087,159,556.305,518.872,-1.2556106828322215,1.57483519934858
72de6f20-621a-47aa-bbc2-ee12dc7ee47f,25bc20f3-4df6-4c2e-bc6d-dd501ab24f7b,157,1715938551670259087,1715938551970189087,299,527.728,402.973,-3.456016597906532,10.355878910522684
72de6f20-621a-47aa-bbc2-ee12dc7ee47f,25bc20f3-4df6-4c2e-bc6d-dd501ab24f7b,158,1715938551998671087,1715938552594214087,595,503.278,319.455,-5.421423647412933,16.672327597272186
72de6f20-621a-47aa-bbc2-ee12dc7ee47f,25bc20f3-4df6-4c2e-bc6d-dd501ab24f7b,159,1715938552642218087,1715938552754216087,111,453.4,390.547,-9.164854069436302,11.25487048040498
72de6f20-621a-47aa-bbc2-ee12dc7ee47f,25bc20f3-4df6-4c2e-bc6d-dd501ab24f7b,160,1715938552794176087,1715938554190211087,1396,499.282,336.701,-5.70829362458586,15.362831554987629
72de6f20-621a-47aa-bbc2-ee12dc7ee47f,25bc20f3-4df6-4c2e-bc6d-dd501ab24f7b,161,1715938554394211087,1715938554834226087,440,507.588,332.632,-5.068604544141856,15.676762504116695
72de6f20-621a-47aa-bbc2-ee12dc7ee47f,25bc20f3-4df6-4c2e-bc6d-dd501ab24f7b,162,1715938554874261087,1715938555870220087,995,606.97,343.537,2.648556842162653,14.86837029703785
72de6f20-621a-47aa-bbc2-ee12dc7ee47f,25bc20f3-4df6-4c2e-bc6d-dd501ab24f7b,163,1715938555890188087,1715938556702200087,812,608.294,361.064,2.7395129037622707,13.538605819227609
72de6f20-621a-47aa-bbc2-ee12dc7ee47f,25bc20f3-4df6-4c2e-bc6d-dd501ab24f7b,164,1715938556742223087,1715938558086245087,1344,526.359,387.99,-3.5694762589553766,11.49092811524847
72de6f20-621a-47aa-bbc2-ee12dc7ee47f,25bc20f3-4df6-4c2e-bc6d-dd501ab24f7b,165,1715938558126196087,1715938558346174087,219,455.5,347.149,-9.082643860121653,14.5340297397729
72de6f20-621a-47aa-bbc2-ee12dc7ee47f,25bc20f3-4df6-4c2e-bc6d-dd501ab24f7b,166,1715938558370199087,1715938561270193087,2899,500.578,336.938,-5.6073878605809675,15.345806559495514
72de6f20-621a-47aa-bbc2-ee12dc7ee47f,25bc20f3-4df6-4c2e-bc6d-dd501ab24f7b,167,1715938561298228087,1715938561806186087,507,576.439,392.047,0.2762273942549555,11.192171840054133
72de6f20-621a-47aa-bbc2-ee12dc7ee47f,25bc20f3-4df6-4c2e-bc6d-dd501ab24f7b,168,1715938561846262087,1715938562190202087,343,584.379,440.655,0.8780224408690497,7.5057518542972765
72de6f20-621a-47aa-bbc2-ee12dc7ee47f,25bc20f3-4df6-4c2e-bc6d-dd501ab24f7b,169,1715938562210214087,1715938562434204087,223,563.014,448.9,-0.7497622978964938,6.880206017027016
72de6f20-621a-47aa-bbc2-ee12dc7ee47f,25bc20f3-4df6-4c2e-bc6d-dd501ab24f7b,170,1715938562462181087,1715938562730192087,268,597.972,398.871,1.92675366098779,10.673301948259972
72de6f20-621a-47aa-bbc2-ee12dc7ee47f,25bc20f3-4df6-4c2e-bc6d-dd501ab24f7b,171,1715938562970195087,1715938563310194087,339,566.875,365.98,-0.4592073261296534,13.168876697318806
72de6f20-621a-47aa-bbc2-ee12dc7ee47f,25bc20f3-4df6-4c2e-bc6d-dd501ab24f7b,172,1715938563350167087,1715938563670173087,320,458.84,389.839,-8.748713677984545,11.31271759732943
72de6f20-621a-47aa-bbc2-ee12dc7ee47f,25bc20f3-4df6-4c2e-bc6d-dd501ab24f7b,173,1715938563690223087,1715938564466265087,776,513.137,406.437,-4.570853751108761,10.088445758691288
72de6f20-621a-47aa-bbc2-ee12dc7ee47f,25bc20f3-4df6-4c2e-bc6d-dd501ab24f7b,174,1715938564514216087,1715938564778130087,263,553.757,415.004,-1.4600279501664404,9.449501185933887
72de6f20-621a-47aa-bbc2-ee12dc7ee47f,25bc20f3-4df6-4c2e-bc6d-dd501ab24f7b,175,1715938564858213087,1715938566374248087,1516,604.71,336.068,2.478126927424243,15.435560986849449
72de6f20-621a-47aa-bbc2-ee12dc7ee47f,25bc20f3-4df6-4c2e-bc6d-dd501ab24f7b,176,1715938566414191087,1715938566530205087,116,505.979,378.836,-5.142551154721603,12.175699708234133
72de6f20-621a-47aa-bbc2-ee12dc7ee47f,25bc20f3-4df6-4c2e-bc6d-dd501ab24f7b,177,1715938566574178087,1715938568226210087,1652,608.502,340.234,2.7697028068912375,15.118513797591577
72de6f20-621a-47aa-bbc2-ee12dc7ee47f,25bc20f3-4df6-4c2e-bc6d-dd501ab24f7b,178,1715938568278227087,1715938568386209087,107,501.362,382.956,-5.493409701995931,11.861308128828005
72de6f20-621a-47aa-bbc2-ee12dc7ee47f,25bc20f3-4df6-4c2e-bc6d-dd501ab24f7b,179,1715938568426193087,1715938568642242087,216,587.733,345.506,1.1561130249116724,14.722232630436697
72de6f20-621a-47aa-bbc2-ee12dc7ee47f,25bc20f3-4df6-4c2e-bc6d-dd501ab24f7b,180,1715938568810203087,1715938569038200087,227,573.359,363.179,0.04108491055962202,13.381799529394392
72de6f20-621a-47aa-bbc2-ee12dc7ee47f,25bc20f3-4df6-4c2e-bc6d-dd501ab24f7b,181,1715938569070212087,1715938570030203087,959,530.473,384.186,-3.2557992899790507,11.780626764579125
72de6f20-621a-47aa-bbc2-ee12dc7ee47f,25bc20f3-4df6-4c2e-bc6d-dd501ab24f7b,182,1715938570070192087,1715938570962200087,892,587.365,336.721,1.1303992046023026,15.388854991091469
72de6f20-621a-47aa-bbc2-ee12dc7ee47f,25bc20f3-4df6-4c2e-bc6d-dd501ab24f7b,183,1715938571002183087,1715938571282182087,279,554.961,396.754,-1.37135812454905,10.83346596998876
72de6f20-621a-47aa-bbc2-ee12dc7ee47f,25bc20f3-4df6-4c2e-bc6d-dd501ab24f7b,184,1715938571322198087,1715938571490221087,168,632.384,337.349,4.627057932723534,15.328297305723565
72de6f20-621a-47aa-bbc2-ee12dc7ee47f,25bc20f3-4df6-4c2e-bc6d-dd501ab24f7b,185,1715938571522375087,1715938572166573087,644,502.595,335.261,-5.453092749809346,15.474275522988009
72de6f20-621a-47aa-bbc2-ee12dc7ee47f,25bc20f3-4df6-4c2e-bc6d-dd501ab24f7b,186,1715938572202208087,1715938574090184087,1887,469.963,338.432,-7.979766827039408,15.207376514100764
72de6f20-621a-47aa-bbc2-ee12dc7ee47f,25bc20f3-4df6-4c2e-bc6d-dd501ab24f7b,187,1715938574130190087,1715938574998142087,867,613.584,359.019,3.1496947777516655,13.692305785575078
72de6f20-621a-47aa-bbc2-ee12dc7ee47f,25bc20f3-4df6-4c2e-bc6d-dd501ab24f7b,188,1715938575030238087,1715938576014258087,984,521.589,345.032,-3.9694133415897936,14.744894971401333
72de6f20-621a-47aa-bbc2-ee12dc7ee47f,25bc20f3-4df6-4c2e-bc6d-dd501ab24f7b,189,1715938576038211087,1715938576998262087,960,518.292,377.426,-4.196812049319584,12.28834180373616
72de6f20-621a-47aa-bbc2-ee12dc7ee47f,25bc20f3-4df6-4c2e-bc6d-dd501ab24f7b,190,1715938577066197087,1715938577234380087,168,486.011,552.467,-6.579462194898801,-0.9691727244411472
72de6f20-621a-47aa-bbc2-ee12dc7ee47f,25bc20f3-4df6-4c2e-bc6d-dd501ab24f7b,191,1715938577258227087,1715938577450210087,191,518.483,542.57,-4.12017902747739,-0.22126340185418428
72de6f20-621a-47aa-bbc2-ee12dc7ee47f,25bc20f3-4df6-4c2e-bc6d-dd501ab24f7b,192,1715938577486220087,1715938577854220087,368,587.854,537.466,1.1352019460897538,0.16530652065426069
72de6f20-621a-47aa-bbc2-ee12dc7ee47f,25bc20f3-4df6-4c2e-bc6d-dd501ab24f7b,193,1715938577910199087,1715938578014187087,103,649.721,539.325,5.824656577190507,0.024614350036745836
72de6f20-621a-47aa-bbc2-ee12dc7ee47f,25bc20f3-4df6-4c2e-bc6d-dd501ab24f7b,194,1715938578062192087,1715938578330167087,267,523.536,365.689,-3.8019502056141894,13.179975985492398
72de6f20-621a-47aa-bbc2-ee12dc7ee47f,25bc20f3-4df6-4c2e-bc6d-dd501ab24f7b,195,1715938578362173087,1715938579002198087,640,491.097,370.438,-6.296871569519876,12.80292787906893
72de6f20-621a-47aa-bbc2-ee12dc7ee47f,25bc20f3-4df6-4c2e-bc6d-dd501ab24f7b,196,1715938579030230087,1715938579266217087,235,529.217,359.552,-3.3680181713406983,13.64746739832001
72de6f20-621a-47aa-bbc2-ee12dc7ee47f,25bc20f3-4df6-4c2e-bc6d-dd501ab24f7b,197,1715938579306236087,1715938579474268087,168,638.737,329.265,5.131529137105381,15.93781309284378
72de6f20-621a-47aa-bbc2-ee12dc7ee47f,25bc20f3-4df6-4c2e-bc6d-dd501ab24f7b,198,1715938579518181087,1715938579726243087,208,498.281,316.737,-5.815106696142271,16.874492151371918
72de6f20-621a-47aa-bbc2-ee12dc7ee47f,25bc20f3-4df6-4c2e-bc6d-dd501ab24f7b,199,1715938579758427087,1715938579922196087,163,446.977,340.222,-9.757755643502286,15.047820699402077
72de6f20-621a-47aa-bbc2-ee12dc7ee47f,25bc20f3-4df6-4c2e-bc6d-dd501ab24f7b,200,1715938579982205087,1715938581274162087,1291,612.727,335.076,3.101901416579341,15.508604399195086
72de6f20-621a-47aa-bbc2-ee12dc7ee47f,25bc20f3-4df6-4c2e-bc6d-dd501ab24f7b,201,1715938581318207087,1715938581494362087,176,479.507,363.88,-7.198895576315508,13.290942115732342
72de6f20-621a-47aa-bbc2-ee12dc7ee47f,25bc20f3-4df6-4c2e-bc6d-dd501ab24f7b,202,1715938581542196087,1715938581662285087,120,569.568,420.876,-0.2509215570396119,9.005595841712829
72de6f20-621a-47aa-bbc2-ee12dc7ee47f,25bc20f3-4df6-4c2e-bc6d-dd501ab24f7b,203,1715938581702188087,1715938582034206087,332,497.575,330.285,-5.8498430631083576,15.84759743373351
72de6f20-621a-47aa-bbc2-ee12dc7ee47f,25bc20f3-4df6-4c2e-bc6d-dd501ab24f7b,204,1715938582062196087,1715938583486205087,1424,545.621,346.475,-2.106834747357766,14.644663790176594
72de6f20-621a-47aa-bbc2-ee12dc7ee47f,25bc20f3-4df6-4c2e-bc6d-dd501ab24f7b,205,1715938583522235087,1715938584578246087,1056,540.03,330.962,-2.5488040864430594,15.819602872553268
72de6f20-621a-47aa-bbc2-ee12dc7ee47f,25bc20f3-4df6-4c2e-bc6d-dd501ab24f7b,206,1715938584626167087,1715938584934191087,308,469.501,441.618,-7.872361727823685,7.407583524559565
72de6f20-621a-47aa-bbc2-ee12dc7ee47f,25bc20f3-4df6-4c2e-bc6d-dd501ab24f7b,207,1715938584958240087,1715938585158198087,199,472.882,399.748,-7.658917450484172,10.573979229657153
72de6f20-621a-47aa-bbc2-ee12dc7ee47f,25bc20f3-4df6-4c2e-bc6d-dd501ab24f7b,208,1715938585194238087,1715938587046234087,1851,484.678,320.32,-6.869649003730744,16.591562663027492
72de6f20-621a-47aa-bbc2-ee12dc7ee47f,25bc20f3-4df6-4c2e-bc6d-dd501ab24f7b,209,1715938587086176087,1715938590482181087,3396,584.534,318.3,0.9158605238173797,16.787182770922158
72de6f20-621a-47aa-bbc2-ee12dc7ee47f,25bc20f3-4df6-4c2e-bc6d-dd501ab24f7b,210,1715938590522251087,1715938590918225087,395,548.378,380.403,-1.8810817855466235,12.072277305167512
72de6f20-621a-47aa-bbc2-ee12dc7ee47f,25bc20f3-4df6-4c2e-bc6d-dd501ab24f7b,211,1715938590954195087,1715938591522198087,568,590.757,345.284,1.3905575619871084,14.73879819141375
72de6f20-621a-47aa-bbc2-ee12dc7ee47f,25bc20f3-4df6-4c2e-bc6d-dd501ab24f7b,212,1715938591574193087,1715938592318219087,744,455.06,386.541,-9.043920959296768,11.558717854731448
72de6f20-621a-47aa-bbc2-ee12dc7ee47f,25bc20f3-4df6-4c2e-bc6d-dd501ab24f7b,213,1715938592358204087,1715938593082189087,723,604.996,341.341,2.4968742057529734,15.03544695475753
72de6f20-621a-47aa-bbc2-ee12dc7ee47f,25bc20f3-4df6-4c2e-bc6d-dd501ab24f7b,214,1715938593114309087,1715938593810201087,695,499.579,322.918,-5.704669632550296,16.4071574419924
72de6f20-621a-47aa-bbc2-ee12dc7ee47f,25bc20f3-4df6-4c2e-bc6d-dd501ab24f7b,215,1715938593858233087,1715938594230210087,371,541.86,395.032,-2.3765585790911556,10.961605563976404
72de6f20-621a-47aa-bbc2-ee12dc7ee47f,25bc20f3-4df6-4c2e-bc6d-dd501ab24f7b,216,1715938594270170087,1715938594894246087,624,503.289,324.577,-5.413470653131255,16.284177775576612
72de6f20-621a-47aa-bbc2-ee12dc7ee47f,25bc20f3-4df6-4c2e-bc6d-dd501ab24f7b,217,1715938594926168087,1715938595246174087,320,552.706,407.233,-1.5419409016978933,10.038585599122499
72de6f20-621a-47aa-bbc2-ee12dc7ee47f,25bc20f3-4df6-4c2e-bc6d-dd501ab24f7b,218,1715938595282205087,1715938595634192087,351,568.622,335.064,-0.3253976203960293,15.514624604716563
72de6f20-621a-47aa-bbc2-ee12dc7ee47f,25bc20f3-4df6-4c2e-bc6d-dd501ab24f7b,219,1715938595690197087,1715938595834208087,144,548.905,526.521,-1.8160939089379478,0.9948734771336288
72de6f20-621a-47aa-bbc2-ee12dc7ee47f,25bc20f3-4df6-4c2e-bc6d-dd501ab24f7b,220,1715938595862199087,1715938596066171087,203,577.517,496.8,0.35248355248099883,3.2485554575968854
72de6f20-621a-47aa-bbc2-ee12dc7ee47f,25bc20f3-4df6-4c2e-bc6d-dd501ab24f7b,221,1715938596090209087,1715938596254175087,163,620.427,490.168,3.6095846232369424,3.749463410903668
72de6f20-621a-47aa-bbc2-ee12dc7ee47f,25bc20f3-4df6-4c2e-bc6d-dd501ab24f7b,222,1715938596370210087,1715938596670176087,299,599.775,355.934,2.0840217034386166,13.92949190194631
72de6f20-621a-47aa-bbc2-ee12dc7ee47f,25bc20f3-4df6-4c2e-bc6d-dd501ab24f7b,223,1715938596698195087,1715938597638259087,940,645.543,335.999,5.651389591109116,15.423343465013195
72de6f20-621a-47aa-bbc2-ee12dc7ee47f,25bc20f3-4df6-4c2e-bc6d-dd501ab24f7b,224,1715938597690242087,1715938597858193087,167,446.858,306.571,-9.852778905230075,17.588848385973517
72de6f20-621a-47aa-bbc2-ee12dc7ee47f,25bc20f3-4df6-4c2e-bc6d-dd501ab24f7b,225,1715938597890183087,1715938598278257087,388,403.645,319.808,-13.182492619207611,16.525575012849835
72de6f20-621a-47aa-bbc2-ee12dc7ee47f,25bc20f3-4df6-4c2e-bc6d-dd501ab24f7b,226,1715938598302213087,1715938598582196087,279,429.342,308.365,-11.21638994595098,17.42843430101323
72de6f20-621a-47aa-bbc2-ee12dc7ee47f,25bc20f3-4df6-4c2e-bc6d-dd501ab24f7b,227,1715938598626188087,1715938598982318087,356,586.635,316.724,1.0803919605641568,16.906652146958695
72de6f20-621a-47aa-bbc2-ee12dc7ee47f,25bc20f3-4df6-4c2e-bc6d-dd501ab24f7b,228,1715938599034188087,1715938599234285087,200,717.642,388.929,11.127613873460321,11.363867495192878
72de6f20-621a-47aa-bbc2-ee12dc7ee47f,25bc20f3-4df6-4c2e-bc6d-dd501ab24f7b,229,1715938599278186087,1715938599910191087,632,571.657,330.919,-0.08943477252534196,15.829415083301193
72de6f20-621a-47aa-bbc2-ee12dc7ee47f,25bc20f3-4df6-4c2e-bc6d-dd501ab24f7b,230,1715938599930186087,1715938600174226087,244,574.214,386.163,0.10571855106763216,11.638421142869872
72de6f20-621a-47aa-bbc2-ee12dc7ee47f,25bc20f3-4df6-4c2e-bc6d-dd501ab24f7b,231,1715938600194260087,1715938601246365087,1052,611.719,385.575,2.9883956561345832,11.679137166982157
72de6f20-621a-47aa-bbc2-ee12dc7ee47f,25bc20f3-4df6-4c2e-bc6d-dd501ab24f7b,232,1715938601282189087,1715938603990267087,2708,597.444,324.341,1.9200067342394764,16.327025375939012
72de6f20-621a-47aa-bbc2-ee12dc7ee47f,25bc20f3-4df6-4c2e-bc6d-dd501ab24f7b,233,1715938604210202087,1715938604494220087,284,650.356,315.626,6.058942375389807,16.964246642197075
72de6f20-621a-47aa-bbc2-ee12dc7ee47f,25bc20f3-4df6-4c2e-bc6d-dd501ab24f7b,234,1715938604526302087,1715938604910188087,383,562.622,334.49,-0.7916140581699884,15.557541204295344
72de6f20-621a-47aa-bbc2-ee12dc7ee47f,25bc20f3-4df6-4c2e-bc6d-dd501ab24f7b,235,1715938604950179087,1715938605142221087,192,432.208,303.258,-11.008429104826336,17.818067440708994
72de6f20-621a-47aa-bbc2-ee12dc7ee47f,25bc20f3-4df6-4c2e-bc6d-dd501ab24f7b,236,1715938605174163087,1715938605266304087,92,388.534,326.59,-14.33359752236682,15.989987260071675
72de6f20-621a-47aa-bbc2-ee12dc7ee47f,25bc20f3-4df6-4c2e-bc6d-dd501ab24f7b,237,1715938605322206087,1715938605870168087,547,619.921,336.086,3.660076160950605,15.42944676093322
72de6f20-621a-47aa-bbc2-ee12dc7ee47f,25bc20f3-4df6-4c2e-bc6d-dd501ab24f7b,238,1715938605918201087,1715938606054209087,136,512.871,354.068,-4.635420480853367,14.055618495688396
72de6f20-621a-47aa-bbc2-ee12dc7ee47f,25bc20f3-4df6-4c2e-bc6d-dd501ab24f7b,239,1715938606098182087,1715938606546194087,448,624.376,332.848,4.009681111044248,15.673285125558163
72de6f20-621a-47aa-bbc2-ee12dc7ee47f,25bc20f3-4df6-4c2e-bc6d-dd501ab24f7b,240,1715938606602204087,1715938606686219087,84,489.314,353.38,-6.457081809119857,14.092731179460188
72de6f20-621a-47aa-bbc2-ee12dc7ee47f,25bc20f3-4df6-4c2e-bc6d-dd501ab24f7b,241,1715938606942170087,1715938607294195087,352,518.549,343.851,-4.206004896002246,14.83288985111388
72de6f20-621a-47aa-bbc2-ee12dc7ee47f,25bc20f3-4df6-4c2e-bc6d-dd501ab24f7b,242,1715938607338237087,1715938607534182087,195,647.377,388.296,5.7269816087847385,11.46043146215724
72de6f20-621a-47aa-bbc2-ee12dc7ee47f,25bc20f3-4df6-4c2e-bc6d-dd501ab24f7b,243,1715938607578182087,1715938607698233087,120,814.443,427.057,18.46532046281134,8.401479468995504
72de6f20-621a-47aa-bbc2-ee12dc7ee47f,25bc20f3-4df6-4c2e-bc6d-dd501ab24f7b,244,1715938607738183087,1715938608278223087,540,668.371,413.079,7.309721306782801,9.574163929472718
72de6f20-621a-47aa-bbc2-ee12dc7ee47f,25bc20f3-4df6-4c2e-bc6d-dd501ab24f7b,245,1715938608326194087,1715938608474217087,148,808.178,467.19,17.90549433433295,5.411858621674145
72de6f20-621a-47aa-bbc2-ee12dc7ee47f,25bc20f3-4df6-4c2e-bc6d-dd501ab24f7b,246,1715938608542196087,1715938608694201087,152,548.227,386.954,-1.890677797431738,11.57546907752414
72de6f20-621a-47aa-bbc2-ee12dc7ee47f,25bc20f3-4df6-4c2e-bc6d-dd501ab24f7b,247,1715938609078238087,1715938609402231087,323,544.534,354.038,-2.1875655622438197,14.070740982369353
72de6f20-621a-47aa-bbc2-ee12dc7ee47f,25bc20f3-4df6-4c2e-bc6d-dd501ab24f7b,248,1715938609450184087,1715938609742221087,292,657.612,367.383,6.541050383071647,13.038683152037981
72de6f20-621a-47aa-bbc2-ee12dc7ee47f,25bc20f3-4df6-4c2e-bc6d-dd501ab24f7b,249,1715938609962341087,1715938610878633087,916,544.171,324.58,-2.230205620737939,16.305247425389865
72de6f20-621a-47aa-bbc2-ee12dc7ee47f,25bc20f3-4df6-4c2e-bc6d-dd501ab24f7b,250,1715938610934205087,1715938611094309087,160,489.993,430.01,-6.320973128975977,8.29444482089827
72de6f20-621a-47aa-bbc2-ee12dc7ee47f,25bc20f3-4df6-4c2e-bc6d-dd501ab24f7b,251,1715938611134202087,1715938611290274087,156,566.748,444.564,-0.46560200423499537,7.209161161503274
72de6f20-621a-47aa-bbc2-ee12dc7ee47f,25bc20f3-4df6-4c2e-bc6d-dd501ab24f7b,252,1715938611314188087,1715938611494226087,180,614.913,430.024,3.210147660534085,8.30873386999055
72de6f20-621a-47aa-bbc2-ee12dc7ee47f,25bc20f3-4df6-4c2e-bc6d-dd501ab24f7b,253,1715938611738657087,1715938611950183087,211,528.898,346.203,-3.4022736590332423,14.659405998347317
72de6f20-621a-47aa-bbc2-ee12dc7ee47f,25bc20f3-4df6-4c2e-bc6d-dd501ab24f7b,254,1715938611998210087,1715938612950225087,952,373.852,324.398,-15.483411254810843,16.127705232070824
72de6f20-621a-47aa-bbc2-ee12dc7ee47f,25bc20f3-4df6-4c2e-bc6d-dd501ab24f7b,255,1715938612998201087,1715938614242211087,1244,517.448,339.121,-4.29595295931184,15.190783584061096
72de6f20-621a-47aa-bbc2-ee12dc7ee47f,25bc20f3-4df6-4c2e-bc6d-dd501ab24f7b,256,1715938614266207087,1715938614374207087,108,482.181,312.908,-7.078183017104917,17.150387666637194
72de6f20-621a-47aa-bbc2-ee12dc7ee47f,25bc20f3-4df6-4c2e-bc6d-dd501ab24f7b,257,1715938614434193087,1715938614722182087,287,652.867,348.507,6.201339366385661,14.47110085753678
72de6f20-621a-47aa-bbc2-ee12dc7ee47f,25bc20f3-4df6-4c2e-bc6d-dd501ab24f7b,258,1715938614758215087,1715938614958192087,199,569.294,356.818,-0.272775510156698,13.864146672315888
72de6f20-621a-47aa-bbc2-ee12dc7ee47f,25bc20f3-4df6-4c2e-bc6d-dd501ab24f7b,259,1715938614998209087,1715938615198174087,199,592.545,283.52,1.5592379219255699,19.427365162965568
72de6f20-621a-47aa-bbc2-ee12dc7ee47f,25bc20f3-4df6-4c2e-bc6d-dd501ab24f7b,260,1715938615234198087,1715938615586196087,351,536.894,301.554,-2.813655739575757,18.04978204005798
72de6f20-621a-47aa-bbc2-ee12dc7ee47f,25bc20f3-4df6-4c2e-bc6d-dd501ab24f7b,261,1715938615638175087,1715938616434188087,796,420.476,345.655,-11.795970709577931,14.60522446848404
72de6f20-621a-47aa-bbc2-ee12dc7ee47f,25bc20f3-4df6-4c2e-bc6d-dd501ab24f7b,262,1715938616482197087,1715938616622811087,140,441.132,473.638,-10.001202521654779,4.978004833922282
72de6f20-621a-47aa-bbc2-ee12dc7ee47f,25bc20f3-4df6-4c2e-bc6d-dd501ab24f7b,263,1715938616682193087,1715938616870234087,188,584.375,476.103,0.8741489619348193,4.817806155444732
72de6f20-621a-47aa-bbc2-ee12dc7ee47f,25bc20f3-4df6-4c2e-bc6d-dd501ab24f7b,264,1715938616910230087,1715938617002182087,91,629.08,426.184,4.293977168384443,8.596694543164078
72de6f20-621a-47aa-bbc2-ee12dc7ee47f,25bc20f3-4df6-4c2e-bc6d-dd501ab24f7b,265,1715938617042206087,1715938617270189087,227,528.572,337.931,-3.4339926701781236,15.286491707940769
72de6f20-621a-47aa-bbc2-ee12dc7ee47f,25bc20f3-4df6-4c2e-bc6d-dd501ab24f7b,266,1715938617302179087,1715938618862195087,1560,530.94,360.691,-3.234224779824554,13.561823515431662
72de6f20-621a-47aa-bbc2-ee12dc7ee47f,25bc20f3-4df6-4c2e-bc6d-dd501ab24f7b,267,1715938618910198087,1715938619130208087,220,382.805,330.506,-14.764135146688275,15.685939927083105
72de6f20-621a-47aa-bbc2-ee12dc7ee47f,25bc20f3-4df6-4c2e-bc6d-dd501ab24f7b,268,1715938619198211087,1715938619458185087,259,505.27,325.835,-5.257575323332232,16.190268383184502
72de6f20-621a-47aa-bbc2-ee12dc7ee47f,25bc20f3-4df6-4c2e-bc6d-dd501ab24f7b,269,1715938619486292087,1715938621422185087,1935,539.902,337.578,-2.55482436643169,15.317713827138922
72de6f20-621a-47aa-bbc2-ee12dc7ee47f,25bc20f3-4df6-4c2e-bc6d-dd501ab24f7b,270,1715938621442194087,1715938621886202087,444,559.878,361.901,-0.9996792122252254,13.477533652198122
72de6f20-621a-47aa-bbc2-ee12dc7ee47f,25bc20f3-4df6-4c2e-bc6d-dd501ab24f7b,271,1715938621922280087,1715938622274211087,351,577.464,415.496,0.3527942601414432,9.41378505533158
72de6f20-621a-47aa-bbc2-ee12dc7ee47f,25bc20f3-4df6-4c2e-bc6d-dd501ab24f7b,272,1715938622314207087,1715938622594202087,279,505.875,318.572,-5.220202687864213,16.741092955443353
72de6f20-621a-47aa-bbc2-ee12dc7ee47f,25bc20f3-4df6-4c2e-bc6d-dd501ab24f7b,273,1715938622622220087,1715938623518528087,896,563.793,336.904,-0.7002708753669981,15.374459202582907
72de6f20-621a-47aa-bbc2-ee12dc7ee47f,25bc20f3-4df6-4c2e-bc6d-dd501ab24f7b,274,1715938623558272087,1715938623702233087,143,567.958,426.099,-0.3738023924491235,8.609434407624825
72de6f20-621a-47aa-bbc2-ee12dc7ee47f,25bc20f3-4df6-4c2e-bc6d-dd501ab24f7b,275,1715938623742204087,1715938624134202087,391,579.832,345.072,0.5437934803276887,14.755583208519774
72de6f20-621a-47aa-bbc2-ee12dc7ee47f,25bc20f3-4df6-4c2e-bc6d-dd501ab24f7b,276,1715938624170209087,1715938624550227087,380,515.831,333.329,-4.427509311769218,15.628976616183836
72de6f20-621a-47aa-bbc2-ee12dc7ee47f,25bc20f3-4df6-4c2e-bc6d-dd501ab24f7b,277,1715938624582224087,1715938624919086087,336,576.639,337.786,0.29720939558904685,15.308455746072774
72de6f20-621a-47aa-bbc2-ee12dc7ee47f,25bc20f3-4df6-4c2e-bc6d-dd501ab24f7b,278,1715938624970204087,1715938625386206087,416,648.061,451.139,5.726332314711343,6.701300287595032
72de6f20-621a-47aa-bbc2-ee12dc7ee47f,25bc20f3-4df6-4c2e-bc6d-dd501ab24f7b,279,1715938625426185087,1715938625622209087,196,554.887,326.815,-1.3948885035403966,16.138521416120344
72de6f20-621a-47aa-bbc2-ee12dc7ee47f,25bc20f3-4df6-4c2e-bc6d-dd501ab24f7b,280,1715938625646193087,1715938625822206087,176,523.971,329.037,-3.7990488829780533,15.958734380293917
72de6f20-621a-47aa-bbc2-ee12dc7ee47f,25bc20f3-4df6-4c2e-bc6d-dd501ab24f7b,281,1715938625866173087,1715938626598178087,732,671.876,400.555,7.593481417923445,10.519688846512816
72de6f20-621a-47aa-bbc2-ee12dc7ee47f,25bc20f3-4df6-4c2e-bc6d-dd501ab24f7b,282,1715938626630199087,1715938626926171087,295,645.671,376.375,5.608925286355865,12.364175220510274
72de6f20-621a-47aa-bbc2-ee12dc7ee47f,25bc20f3-4df6-4c2e-bc6d-dd501ab24f7b,283,1715938626966177087,1715938627814187087,848,540.871,340.477,-2.4779979951320676,15.098149755456326
72de6f20-621a-47aa-bbc2-ee12dc7ee47f,25bc20f3-4df6-4c2e-bc6d-dd501ab24f7b,284,1715938627854215087,1715938627942187087,87,587.18,343.975,1.1136977138155078,14.838448325279323
72de6f20-621a-47aa-bbc2-ee12dc7ee47f,25bc20f3-4df6-4c2e-bc6d-dd501ab24f7b,285,1715938627982201087,1715938628470203087,488,525.141,330.664,-3.706575448621365,15.835945434356931
72de6f20-621a-47aa-bbc2-ee12dc7ee47f,25bc20f3-4df6-4c2e-bc6d-dd501ab24f7b,286,1715938628522188087,1715938628950224087,428,596.773,458.476,1.8189933201938966,6.153895827426854
72de6f20-621a-47aa-bbc2-ee12dc7ee47f,25bc20f3-4df6-4c2e-bc6d-dd501ab24f7b,287,1715938628970220087,1715938629058171087,87,652.578,448.328,6.072233584457079,6.91279182459321
72de6f20-621a-47aa-bbc2-ee12dc7ee47f,25bc20f3-4df6-4c2e-bc6d-dd501ab24f7b,288,1715938629102234087,1715938630378260087,1276,500.981,309.76,-5.6150531223165,17.405279607327103
72de6f20-621a-47aa-bbc2-ee12dc7ee47f,25bc20f3-4df6-4c2e-bc6d-dd501ab24f7b,289,1715938630450206087,1715938630586156087,135,480.601,465.661,-7.010731939138321,5.594350724753322
72de6f20-621a-47aa-bbc2-ee12dc7ee47f,25bc20f3-4df6-4c2e-bc6d-dd501ab24f7b,290,1715938630618189087,1715938630854184087,235,546.01,472.918,-2.0401309772003176,5.057893123832879
72de6f20-621a-47aa-bbc2-ee12dc7ee47f,25bc20f3-4df6-4c2e-bc6d-dd501ab24f7b,291,1715938630886318087,1715938631034179087,147,582.862,468.897,0.759716023305591,5.364286722093286
72de6f20-621a-47aa-bbc2-ee12dc7ee47f,25bc20f3-4df6-4c2e-bc6d-dd501ab24f7b,292,1715938631066193087,1715938631154251087,88,628.336,445.079,4.226897261246384,7.165111959573722
72de6f20-621a-47aa-bbc2-ee12dc7ee47f,25bc20f3-4df6-4c2e-bc6d-dd501ab24f7b,293,1715938631198162087,1715938631690219087,492,497.555,335.201,-5.84440325161976,15.475189813574604
72de6f20-621a-47aa-bbc2-ee12dc7ee47f,25bc20f3-4df6-4c2e-bc6d-dd501ab24f7b,294,1715938631722328087,1715938632622196087,899,501.466,315.835,-5.567990336525879,16.945305150947267
72de6f20-621a-47aa-bbc2-ee12dc7ee47f,25bc20f3-4df6-4c2e-bc6d-dd501ab24f7b,295,1715938632650185087,1715938633086181087,435,494.703,332.044,-6.070417677320593,15.71221502564847
72de6f20-621a-47aa-bbc2-ee12dc7ee47f,25bc20f3-4df6-4c2e-bc6d-dd501ab24f7b,296,1715938633122203087,1715938633282186087,159,588.571,325.38,1.2281990457294076,16.249451922228392
72de6f20-621a-47aa-bbc2-ee12dc7ee47f,25bc20f3-4df6-4c2e-bc6d-dd501ab24f7b,297,1715938633306191087,1715938633842198087,536,610.554,384.104,2.8997181403542416,11.790907529370404
72de6f20-621a-47aa-bbc2-ee12dc7ee47f,25bc20f3-4df6-4c2e-bc6d-dd501ab24f7b,298,1715938633910190087,1715938634062206087,152,546.416,474.377,-2.0090761391798515,4.947348784534683
72de6f20-621a-47aa-bbc2-ee12dc7ee47f,25bc20f3-4df6-4c2e-bc6d-dd501ab24f7b,299,1715938634110195087,1715938634262101087,151,600.01,404.793,2.0808404514150687,10.223989628877513
72de6f20-621a-47aa-bbc2-ee12dc7ee47f,25bc20f3-4df6-4c2e-bc6d-dd501ab24f7b,300,1715938634302200087,1715938634598238087,296,519.561,328.016,-4.143053052040829,16.03381515520018
72de6f20-621a-47aa-bbc2-ee12dc7ee47f,25bc20f3-4df6-4c2e-bc6d-dd501ab24f7b,301,1715938634650242087,1715938635594224087,943,572.948,415.417,0.007454087777783526,9.419672152113641
72de6f20-621a-47aa-bbc2-ee12dc7ee47f,25bc20f3-4df6-4c2e-bc6d-dd501ab24f7b,302,1715938635614217087,1715938636502210087,887,587.023,405.657,1.0857192016899664,10.159698228098218
72de6f20-621a-47aa-bbc2-ee12dc7ee47f,25bc20f3-4df6-4c2e-bc6d-dd501ab24f7b,303,1715938636550226087,1715938637222282087,672,559.122,462.522,-1.0448970107203506,5.847104128956561
72de6f20-621a-47aa-bbc2-ee12dc7ee47f,25bc20f3-4df6-4c2e-bc6d-dd501ab24f7b,304,1715938637242298087,1715938637422216087,179,592.357,457.233,1.4832061478976015,6.248382137108033
72de6f20-621a-47aa-bbc2-ee12dc7ee47f,25bc20f3-4df6-4c2e-bc6d-dd501ab24f7b,305,1715938637442192087,1715938637670214087,228,558.073,458.812,-1.1249996729782492,6.12836157493968
72de6f20-621a-47aa-bbc2-ee12dc7ee47f,25bc20f3-4df6-4c2e-bc6d-dd501ab24f7b,306,1715938637698240087,1715938637838934087,140,486.152,453.599,-6.596431822562895,6.508475747870096
72de6f20-621a-47aa-bbc2-ee12dc7ee47f,25bc20f3-4df6-4c2e-bc6d-dd501ab24f7b,307,1715938637902205087,1715938637962184087,59,544.384,345.639,-2.203082666066801,14.707731073128215
72de6f20-621a-47aa-bbc2-ee12dc7ee47f,25bc20f3-4df6-4c2e-bc6d-dd501ab24f7b,308,1715938637982199087,1715938638098244087,116,535.099,340.967,-2.9253943537572726,15.058955606570791
72de6f20-621a-47aa-bbc2-ee12dc7ee47f,25bc20f3-4df6-4c2e-bc6d-dd501ab24f7b,309,1715938638130205087,1715938638306198087,175,572.237,374.788,-0.04585412433693053,12.50109416498967
72de6f20-621a-47aa-bbc2-ee12dc7ee47f,25bc20f3-4df6-4c2e-bc6d-dd501ab24f7b,310,1715938638346254087,1715938639282192087,935,514.966,319.674,-4.51002931497019,16.663587466762003
72de6f20-621a-47aa-bbc2-ee12dc7ee47f,25bc20f3-4df6-4c2e-bc6d-dd501ab24f7b,311,1715938639342191087,1715938639534218087,192,476.49,458.749,-7.3274215449497335,6.115607261478779
72de6f20-621a-47aa-bbc2-ee12dc7ee47f,25bc20f3-4df6-4c2e-bc6d-dd501ab24f7b,312,1715938639562197087,1715938639750217087,188,556.331,453.914,-1.257977533040534,6.499602804532814
72de6f20-621a-47aa-bbc2-ee12dc7ee47f,25bc20f3-4df6-4c2e-bc6d-dd501ab24f7b,313,1715938639782216087,1715938639962204087,179,617.71,442.848,3.418028734425805,7.33620040765747
72de6f20-621a-47aa-bbc2-ee12dc7ee47f,25bc20f3-4df6-4c2e-bc6d-dd501ab24f7b,314,1715938640030199087,1715938641574314087,1544,492.301,348.532,-6.232837501163681,14.461958981413426
72de6f20-621a-47aa-bbc2-ee12dc7ee47f,25bc20f3-4df6-4c2e-bc6d-dd501ab24f7b,315,1715938641622234087,1715938641834221087,211,466.924,459.68,-8.053636879042259,6.0416800078847555
72de6f20-621a-47aa-bbc2-ee12dc7ee47f,25bc20f3-4df6-4c2e-bc6d-dd501ab24f7b,316,1715938641870179087,1715938642058194087,188,558.587,469.8,-1.085046896422989,5.295285464732468
72de6f20-621a-47aa-bbc2-ee12dc7ee47f,25bc20f3-4df6-4c2e-bc6d-dd501ab24f7b,317,1715938642094275087,1715938642370194087,275,628.79,428.251,4.270587070330697,8.440117171301814
72de6f20-621a-47aa-bbc2-ee12dc7ee47f,25bc20f3-4df6-4c2e-bc6d-dd501ab24f7b,318,1715938642450171087,1715938643062207087,612,522.24,332.75,-3.9301885622170865,15.676334441606901
72de6f20-621a-47aa-bbc2-ee12dc7ee47f,25bc20f3-4df6-4c2e-bc6d-dd501ab24f7b,319,1715938643122290087,1715938643294209087,171,467.246,461.967,-8.027543270157741,5.869038775375967
72de6f20-621a-47aa-bbc2-ee12dc7ee47f,25bc20f3-4df6-4c2e-bc6d-dd501ab24f7b,320,1715938643322182087,1715938643534254087,212,532.354,466.386,-3.0789097228791125,5.551354220498475
72de6f20-621a-47aa-bbc2-ee12dc7ee47f,25bc20f3-4df6-4c2e-bc6d-dd501ab24f7b,321,1715938643578227087,1715938643822188087,243,608.834,442.605,2.741539705233116,7.355914578023971
72de6f20-621a-47aa-bbc2-ee12dc7ee47f,25bc20f3-4df6-4c2e-bc6d-dd501ab24f7b,322,1715938643862179087,1715938644178198087,316,505.194,324.593,-5.26510473686841,16.284348322291798
72de6f20-621a-47aa-bbc2-ee12dc7ee47f,25bc20f3-4df6-4c2e-bc6d-dd501ab24f7b,323,1715938644230232087,1715938644462250087,232,666.644,446.412,7.145557557174838,7.053148923726472
72de6f20-621a-47aa-bbc2-ee12dc7ee47f,25bc20f3-4df6-4c2e-bc6d-dd501ab24f7b,324,1715938644518288087,1715938644798277087,279,473.202,435.586,-7.5959706086862,7.865209038385447
72de6f20-621a-47aa-bbc2-ee12dc7ee47f,25bc20f3-4df6-4c2e-bc6d-dd501ab24f7b,325,1715938644834200087,1715938645310260087,476,573.896,452.985,0.07870137110258968,6.570859200916171
72de6f20-621a-47aa-bbc2-ee12dc7ee47f,25bc20f3-4df6-4c2e-bc6d-dd501ab24f7b,326,1715938645334205087,1715938645858185087,523,635.715,450.656,4.786201851433215,6.74096579534309
72de6f20-621a-47aa-bbc2-ee12dc7ee47f,25bc20f3-4df6-4c2e-bc6d-dd501ab24f7b,327,1715938645914185087,1715938649818178087,3903,516.596,351.292,-4.35011603721264,14.267866221531701
72de6f20-621a-47aa-bbc2-ee12dc7ee47f,25bc20f3-4df6-4c2e-bc6d-dd501ab24f7b,328,1715938649966262087,1715938650138184087,171,586.813,335.581,1.0878391617140566,15.47540223929541
72de6f20-621a-47aa-bbc2-ee12dc7ee47f,25bc20f3-4df6-4c2e-bc6d-dd501ab24f7b,329,1715938650186183087,1715938651114184087,928,501.539,324.404,-5.549921944198461,16.29608399483131
72de6f20-621a-47aa-bbc2-ee12dc7ee47f,25bc20f3-4df6-4c2e-bc6d-dd501ab24f7b,330,1715938651142510087,1715938653638242087,2495,536.537,308.936,-2.836043009964923,17.489399712135107
72de6f20-621a-47aa-bbc2-ee12dc7ee47f,25bc20f3-4df6-4c2e-bc6d-dd501ab24f7b,331,1715938653666197087,1715938654422297087,756,462.603,306.005,-8.623024184931097,17.651671278402056
72de6f20-621a-47aa-bbc2-ee12dc7ee47f,25bc20f3-4df6-4c2e-bc6d-dd501ab24f7b,332,1715938654470188087,1715938654722175087,251,574.267,374.119,0.11053068554703793,12.551940731284805
72de6f20-621a-47aa-bbc2-ee12dc7ee47f,25bc20f3-4df6-4c2e-bc6d-dd501ab24f7b,333,1715938654762201087,1715938654954201087,192,627.545,319.687,4.271566829355177,16.67007054531118
72de6f20-621a-47aa-bbc2-ee12dc7ee47f,25bc20f3-4df6-4c2e-bc6d-dd501ab24f7b,334,1715938655002242087,1715938655118183087,115,488.947,330.198,-6.520588142266171,15.847380086731961
72de6f20-621a-47aa-bbc2-ee12dc7ee47f,25bc20f3-4df6-4c2e-bc6d-dd501ab24f7b,335,1715938655278262087,1715938655462181087,183,509.066,326.876,-4.9608489646717295,16.113943892835753
72de6f20-621a-47aa-bbc2-ee12dc7ee47f,25bc20f3-4df6-4c2e-bc6d-dd501ab24f7b,336,1715938655498188087,1715938655598239087,100,580.279,359.402,0.5759214641614792,13.668389782670177
72de6f20-621a-47aa-bbc2-ee12dc7ee47f,25bc20f3-4df6-4c2e-bc6d-dd501ab24f7b,337,1715938655618317087,1715938655702243087,83,558.315,426.018,-1.1100525113675555,8.614855001534005
72de6f20-621a-47aa-bbc2-ee12dc7ee47f,25bc20f3-4df6-4c2e-bc6d-dd501ab24f7b,338,1715938655782251087,1715938656006223087,223,503.874,553.192,-5.226954820902686,-1.0250554906469969
72de6f20-621a-47aa-bbc2-ee12dc7ee47f,25bc20f3-4df6-4c2e-bc6d-dd501ab24f7b,339,1715938656254203087,1715938656366360087,112,520.317,383.398,-4.036640789561618,11.836639005222986
72de6f20-621a-47aa-bbc2-ee12dc7ee47f,25bc20f3-4df6-4c2e-bc6d-dd501ab24f7b,340,1715938656398229087,1715938656650180087,251,509.801,307.565,-4.928560558544807,17.57832123496157
72de6f20-621a-47aa-bbc2-ee12dc7ee47f,25bc20f3-4df6-4c2e-bc6d-dd501ab24f7b,341,1715938656670188087,1715938657646184087,975,508.45,317.822,-5.020407173351959,16.799725444520956
72de6f20-621a-47aa-bbc2-ee12dc7ee47f,25bc20f3-4df6-4c2e-bc6d-dd501ab24f7b,342,1715938657686186087,1715938658194277087,508,593.105,340.441,1.5746203307844957,15.105951857295064
72de6f20-621a-47aa-bbc2-ee12dc7ee47f,25bc20f3-4df6-4c2e-bc6d-dd501ab24f7b,343,1715938658250206087,1715938658622200087,371,570.431,496.698,-0.18501968762847965,3.25626142980273
72de6f20-621a-47aa-bbc2-ee12dc7ee47f,25bc20f3-4df6-4c2e-bc6d-dd501ab24f7b,344,1715938658670281087,1715938658970188087,299,564.39,339.892,-0.653605141739705,15.147806026064787
72de6f20-621a-47aa-bbc2-ee12dc7ee47f,25bc20f3-4df6-4c2e-bc6d-dd501ab24f7b,345,1715938659010178087,1715938659258173087,247,460.737,334.488,-8.703417772903812,15.49616622573849
72de6f20-621a-47aa-bbc2-ee12dc7ee47f,25bc20f3-4df6-4c2e-bc6d-dd501ab24f7b,346,1715938659310198087,1715938660198175087,887,456.005,468.819,-8.876134281923884,5.347311734065979
72de6f20-621a-47aa-bbc2-ee12dc7ee47f,25bc20f3-4df6-4c2e-bc6d-dd501ab24f7b,347,1715938660242215087,1715938660534220087,292,579.271,471.285,0.48666855740101217,5.18323363967955
72de6f20-621a-47aa-bbc2-ee12dc7ee47f,25bc20f3-4df6-4c2e-bc6d-dd501ab24f7b,348,1715938660590210087,1715938660750191087,159,651.162,469.979,5.951709725514116,5.274117057870329
72de6f20-621a-47aa-bbc2-ee12dc7ee47f,25bc20f3-4df6-4c2e-bc6d-dd501ab24f7b,349,1715938660794298087,1715938662242189087,1447,580.586,340.7,0.6030974139695677,15.087299628878759
72de6f20-621a-47aa-bbc2-ee12dc7ee47f,25bc20f3-4df6-4c2e-bc6d-dd501ab24f7b,350,1715938662302193087,1715938662430184087,127,632.134,506.274,4.494608040087433,2.5281156232323205
72de6f20-621a-47aa-bbc2-ee12dc7ee47f,25bc20f3-4df6-4c2e-bc6d-dd501ab24f7b,351,1715938662454199087,1715938662622218087,168,612.943,479.97,3.0435381256262453,4.523053938601314
72de6f20-621a-47aa-bbc2-ee12dc7ee47f,25bc20f3-4df6-4c2e-bc6d-dd501ab24f7b,352,1715938662650204087,1715938662982179087,331,562.666,476.812,-0.7747856996943768,4.763812235502218
72de6f20-621a-47aa-bbc2-ee12dc7ee47f,25bc20f3-4df6-4c2e-bc6d-dd501ab24f7b,353,1715938663218198087,1715938663298254087,80,646.998,449.55,5.6463351383397695,6.821915026834096
72de6f20-621a-47aa-bbc2-ee12dc7ee47f,25bc20f3-4df6-4c2e-bc6d-dd501ab24f7b,354,1715938663370179087,1715938665258267087,1888,495.263,333.785,-6.024388758854131,15.58073717250453
72de6f20-621a-47aa-bbc2-ee12dc7ee47f,25bc20f3-4df6-4c2e-bc6d-dd501ab24f7b,355,1715938665294264087,1715938667230203087,1935,609.553,342.543,2.8496013886954867,14.94306459405575
72de6f20-621a-47aa-bbc2-ee12dc7ee47f,25bc20f3-4df6-4c2e-bc6d-dd501ab24f7b,356,1715938667282186087,1715938669258191087,1976,480.054,320.204,-7.230130350419699,16.59606920858594
72de6f20-621a-47aa-bbc2-ee12dc7ee47f,25bc20f3-4df6-4c2e-bc6d-dd501ab24f7b,357,1715938669278189087,1715938669950187087,671,522.175,365.351,-3.907131392919863,13.205069299108851
72de6f20-621a-47aa-bbc2-ee12dc7ee47f,25bc20f3-4df6-4c2e-bc6d-dd501ab24f7b,358,1715938669982210087,1715938670382216087,400,512.588,335.062,-4.67748728977287,15.49571324731717
72de6f20-621a-47aa-bbc2-ee12dc7ee47f,25bc20f3-4df6-4c2e-bc6d-dd501ab24f7b,359,1715938670430277087,1715938672934241087,2503,418.795,368.258,-11.86775596445012,12.900953746380297
72de6f20-621a-47aa-bbc2-ee12dc7ee47f,25bc20f3-4df6-4c2e-bc6d-dd501ab24f7b,360,1715938673134558087,1715938673534206087,399,440.746,365.603,-10.183167474790144,13.125646998291163
72de6f20-621a-47aa-bbc2-ee12dc7ee47f,25bc20f3-4df6-4c2e-bc6d-dd501ab24f7b,361,1715938673606261087,1715938673942220087,335,452.623,426.546,-9.173918196122528,8.536797770396166
72de6f20-621a-47aa-bbc2-ee12dc7ee47f,25bc20f3-4df6-4c2e-bc6d-dd501ab24f7b,362,1715938674190227087,1715938674250186087,59,513.232,430.714,-4.5484218871540385,8.24970408513538
72de6f20-621a-47aa-bbc2-ee12dc7ee47f,25bc20f3-4df6-4c2e-bc6d-dd501ab24f7b,363,1715938674290204087,1715938675206259087,916,479.798,361.125,-7.180546426746225,13.499557649156927
72de6f20-621a-47aa-bbc2-ee12dc7ee47f,25bc20f3-4df6-4c2e-bc6d-dd501ab24f7b,364,1715938675262220087,1715938675402212087,139,608.867,483.301,2.7333298853487085,4.2708956539162575
72de6f20-621a-47aa-bbc2-ee12dc7ee47f,25bc20f3-4df6-4c2e-bc6d-dd501ab24f7b,365,1715938675422285087,1715938675554182087,131,621.723,531.42,3.7023562783988004,0.6234198866376763
72de6f20-621a-47aa-bbc2-ee12dc7ee47f,25bc20f3-4df6-4c2e-bc6d-dd501ab24f7b,366,1715938675578215087,1715938675838949087,260,601.785,511.34,2.1921762933461535,2.1457495824724884
72de6f20-621a-47aa-bbc2-ee12dc7ee47f,25bc20f3-4df6-4c2e-bc6d-dd501ab24f7b,367,1715938675898229087,1715938676322239087,424,674.509,523.482,7.705535043930694,1.2225791957959078
72de6f20-621a-47aa-bbc2-ee12dc7ee47f,25bc20f3-4df6-4c2e-bc6d-dd501ab24f7b,368,1715938676358603087,1715938676646223087,287,594.373,536.516,1.6292580477609193,0.23728027610994998
72de6f20-621a-47aa-bbc2-ee12dc7ee47f,25bc20f3-4df6-4c2e-bc6d-dd501ab24f7b,369,1715938676674268087,1715938676786183087,111,640.128,537.803,5.097440557830392,0.13976711629759134
72de6f20-621a-47aa-bbc2-ee12dc7ee47f,25bc20f3-4df6-4c2e-bc6d-dd501ab24f7b,370,1715938676814195087,1715938677114239087,300,705.192,547.81,10.031438079031885,-0.615153118208006
72de6f20-621a-47aa-bbc2-ee12dc7ee47f,25bc20f3-4df6-4c2e-bc6d-dd501ab24f7b,371,1715938677170183087,1715938677310243087,140,502.678,354.62,-5.422672041329157,14.007897008669262
72de6f20-621a-47aa-bbc2-ee12dc7ee47f,25bc20f3-4df6-4c2e-bc6d-dd501ab24f7b,372,1715938677362196087,1715938677934226087,572,656.719,326.633,6.536202142115689,16.125493898131563
72de6f20-621a-47aa-bbc2-ee12dc7ee47f,25bc20f3-4df6-4c2e-bc6d-dd501ab24f7b,373,1715938677986215087,1715938678382182087,395,564.91,509.268,-0.6036028541619354,2.3030756282041596
72de6f20-621a-47aa-bbc2-ee12dc7ee47f,25bc20f3-4df6-4c2e-bc6d-dd501ab24f7b,374,1715938678422187087,1715938678682207087,260,622.324,528.858,3.748080110294829,0.8175517216888725
72de6f20-621a-47aa-bbc2-ee12dc7ee47f,25bc20f3-4df6-4c2e-bc6d-dd501ab24f7b,375,1715938678718195087,1715938678858175087,139,686.836,526.939,8.639911062140063,0.9606105013899412
72de6f20-621a-47aa-bbc2-ee12dc7ee47f,25bc20f3-4df6-4c2e-bc6d-dd501ab24f7b,376,1715938678902180087,1715938680150241087,1248,634.027,317.856,4.779913916168656,16.805525514953292
72de6f20-621a-47aa-bbc2-ee12dc7ee47f,25bc20f3-4df6-4c2e-bc6d-dd501ab24f7b,377,1715938680210177087,1715938680390179087,180,543.515,530.844,-2.2243642628115166,0.6671814294892877
72de6f20-621a-47aa-bbc2-ee12dc7ee47f,25bc20f3-4df6-4c2e-bc6d-dd501ab24f7b,378,1715938680426189087,1715938680578180087,151,600.831,506.891,2.1202055403596294,2.4830934488146634
72de6f20-621a-47aa-bbc2-ee12dc7ee47f,25bc20f3-4df6-4c2e-bc6d-dd501ab24f7b,379,1715938680606211087,1715938680778180087,171,647.825,518.644,5.68259752425671,1.590281681724016
72de6f20-621a-47aa-bbc2-ee12dc7ee47f,25bc20f3-4df6-4c2e-bc6d-dd501ab24f7b,380,1715938680806185087,1715938680890207087,84,683.785,516.15,8.41054736973228,1.7760208969925033
72de6f20-621a-47aa-bbc2-ee12dc7ee47f,25bc20f3-4df6-4c2e-bc6d-dd501ab24f7b,381,1715938680950200087,1715938681314220087,364,473.427,336.543,-7.714683205565658,15.353470246958219
72de6f20-621a-47aa-bbc2-ee12dc7ee47f,25bc20f3-4df6-4c2e-bc6d-dd501ab24f7b,382,1715938681362203087,1715938681502204087,140,624.467,301.887,4.0527545943845285,18.02201924792049
72de6f20-621a-47aa-bbc2-ee12dc7ee47f,25bc20f3-4df6-4c2e-bc6d-dd501ab24f7b,383,1715938681554172087,1715938681730199087,176,647.31,503.554,5.64657542585767,2.732767126469816
72de6f20-621a-47aa-bbc2-ee12dc7ee47f,25bc20f3-4df6-4c2e-bc6d-dd501ab24f7b,384,1715938681746238087,1715938681890242087,144,676.459,515.542,7.854980108015229,1.822757159510491
72de6f20-621a-47aa-bbc2-ee12dc7ee47f,25bc20f3-4df6-4c2e-bc6d-dd501ab24f7b,385,1715938681950229087,1715938682478222087,527,475.632,343.475,-7.53122493353755,14.83118325589219
72de6f20-621a-47aa-bbc2-ee12dc7ee47f,25bc20f3-4df6-4c2e-bc6d-dd501ab24f7b,386,1715938682530260087,1715938682702226087,171,482.763,501.403,-6.830737258611457,2.892190275606609
72de6f20-621a-47aa-bbc2-ee12dc7ee47f,25bc20f3-4df6-4c2e-bc6d-dd501ab24f7b,387,1715938682738198087,1715938682954205087,216,557.118,505.248,-1.1944133528239016,2.6076736365482627
72de6f20-621a-47aa-bbc2-ee12dc7ee47f,25bc20f3-4df6-4c2e-bc6d-dd501ab24f7b,388,1715938682982175087,1715938683162231087,180,613.13,520.403,3.0516614527796464,1.4584747991304647
72de6f20-621a-47aa-bbc2-ee12dc7ee47f,25bc20f3-4df6-4c2e-bc6d-dd501ab24f7b,389,1715938683186186087,1715938683418189087,232,665.349,509.352,7.013706723371624,2.292000129724894
72de6f20-621a-47aa-bbc2-ee12dc7ee47f,25bc20f3-4df6-4c2e-bc6d-dd501ab24f7b,390,1715938683470203087,1715938684278210087,808,485.362,332.895,-6.794690337576522,15.640201630484293
72de6f20-621a-47aa-bbc2-ee12dc7ee47f,25bc20f3-4df6-4c2e-bc6d-dd501ab24f7b,391,1715938684346204087,1715938684654169087,307,696.101,500.495,9.350534135424153,2.9568212422556175
72de6f20-621a-47aa-bbc2-ee12dc7ee47f,25bc20f3-4df6-4c2e-bc6d-dd501ab24f7b,392,1715938684698189087,1715938685054293087,356,596.496,505.766,1.7915296872269848,2.568467508909244
72de6f20-621a-47aa-bbc2-ee12dc7ee47f,25bc20f3-4df6-4c2e-bc6d-dd501ab24f7b,393,1715938685082171087,1715938685282189087,200,556.346,500.942,-1.2531500166522889,2.934073159653318
72de6f20-621a-47aa-bbc2-ee12dc7ee47f,25bc20f3-4df6-4c2e-bc6d-dd501ab24f7b,394,1715938685314190087,1715938685402191087,88,620.263,499.214,3.595289372237785,3.0640034793696413
72de6f20-621a-47aa-bbc2-ee12dc7ee47f,25bc20f3-4df6-4c2e-bc6d-dd501ab24f7b,395,1715938685462233087,1715938685738214087,275,509.931,340.343,-4.877662119997946,15.093909495097904
72de6f20-621a-47aa-bbc2-ee12dc7ee47f,25bc20f3-4df6-4c2e-bc6d-dd501ab24f7b,396,1715938685770205087,1715938685918187087,147,437.631,372.071,-10.409574486306056,12.634493398481336
72de6f20-621a-47aa-bbc2-ee12dc7ee47f,25bc20f3-4df6-4c2e-bc6d-dd501ab24f7b,397,1715938685950263087,1715938686210234087,259,369.264,395.854,-15.60000846977789,10.766921066235108
72de6f20-621a-47aa-bbc2-ee12dc7ee47f,25bc20f3-4df6-4c2e-bc6d-dd501ab24f7b,398,1715938686250215087,1715938686654210087,403,528.497,323.246,-3.4519942057398008,16.40013822910834
72de6f20-621a-47aa-bbc2-ee12dc7ee47f,25bc20f3-4df6-4c2e-bc6d-dd501ab24f7b,399,1715938686702199087,1715938686914200087,212,523.98,464.268,-3.715795442238291,5.710477137439991
72de6f20-621a-47aa-bbc2-ee12dc7ee47f,25bc20f3-4df6-4c2e-bc6d-dd501ab24f7b,400,1715938686954217087,1715938687550203087,595,538.101,384.436,-2.6695348934433194,11.763950347699893
72de6f20-621a-47aa-bbc2-ee12dc7ee47f,25bc20f3-4df6-4c2e-bc6d-dd501ab24f7b,401,1715938687582203087,1715938687802244087,220,480.323,382.753,-7.109879710787391,11.864015625970945
72de6f20-621a-47aa-bbc2-ee12dc7ee47f,25bc20f3-4df6-4c2e-bc6d-dd501ab24f7b,402,1715938687842178087,1715938688178194087,336,430.129,351.629,-11.034127586222368,14.167354718902725
72de6f20-621a-47aa-bbc2-ee12dc7ee47f,25bc20f3-4df6-4c2e-bc6d-dd501ab24f7b,403,1715938688218251087,1715938688450196087,231,492.896,418.249,-6.109121523762141,9.185614510562953
72de6f20-621a-47aa-bbc2-ee12dc7ee47f,25bc20f3-4df6-4c2e-bc6d-dd501ab24f7b,404,1715938688474198087,1715938688614308087,140,465.439,408.067,-8.218068673028643,9.940455310903543
72de6f20-621a-47aa-bbc2-ee12dc7ee47f,25bc20f3-4df6-4c2e-bc6d-dd501ab24f7b,405,1715938688650245087,1715938688810217087,159,526.384,458.002,-3.535052394683858,6.185669402594557
72de6f20-621a-47aa-bbc2-ee12dc7ee47f,25bc20f3-4df6-4c2e-bc6d-dd501ab24f7b,406,1715938688842181087,1715938689102180087,259,590.357,470.874,1.3291725818265796,5.214173079122881
72de6f20-621a-47aa-bbc2-ee12dc7ee47f,25bc20f3-4df6-4c2e-bc6d-dd501ab24f7b,407,1715938689202180087,1715938689322195087,120,492.362,377.516,-6.191056898400517,12.267995134289468
72de6f20-621a-47aa-bbc2-ee12dc7ee47f,25bc20f3-4df6-4c2e-bc6d-dd501ab24f7b,408,1715938689362219087,1715938690318207087,955,591.969,373.247,1.4742970093575518,12.61737614802482
72de6f20-621a-47aa-bbc2-ee12dc7ee47f,25bc20f3-4df6-4c2e-bc6d-dd501ab24f7b,409,1715938690379123087,1715938691538192087,1159,438.996,347.443,-10.358735744443875,14.493601210212965
72de6f20-621a-47aa-bbc2-ee12dc7ee47f,25bc20f3-4df6-4c2e-bc6d-dd501ab24f7b,410,1715938691642202087,1715938692170171087,527,446.367,367.403,-9.746533487161347,12.99554350579813
72de6f20-621a-47aa-bbc2-ee12dc7ee47f,25bc20f3-4df6-4c2e-bc6d-dd501ab24f7b,411,1715938692194194087,1715938692466173087,271,537.144,422.055,-2.7275660728150486,8.912021435816161
72de6f20-621a-47aa-bbc2-ee12dc7ee47f,25bc20f3-4df6-4c2e-bc6d-dd501ab24f7b,412,1715938692490179087,1715938692694258087,204,548.94,471.058,-1.8178245363470222,5.199172116656019
72de6f20-621a-47aa-bbc2-ee12dc7ee47f,25bc20f3-4df6-4c2e-bc6d-dd501ab24f7b,413,1715938692742192087,1715938693182201087,440,587.211,518.075,1.086843696176023,1.6354338452927428
72de6f20-621a-47aa-bbc2-ee12dc7ee47f,25bc20f3-4df6-4c2e-bc6d-dd501ab24f7b,414,1715938693490179087,1715938693630230087,140,436.298,430.982,-10.412716647512667,8.19160102715174
72de6f20-621a-47aa-bbc2-ee12dc7ee47f,25bc20f3-4df6-4c2e-bc6d-dd501ab24f7b,415,1715938693658172087,1715938693970173087,312,416.868,431.025,-11.89303989665025,8.174534804432382
72de6f20-621a-47aa-bbc2-ee12dc7ee47f,25bc20f3-4df6-4c2e-bc6d-dd501ab24f7b,416,1715938694178224087,1715938694686187087,507,467.726,412.746,-8.037569832462838,9.588354477963637
72de6f20-621a-47aa-bbc2-ee12dc7ee47f,25bc20f3-4df6-4c2e-bc6d-dd501ab24f7b,417,1715938694894185087,1715938696298220087,1404,476.99,379.178,-7.370779695147439,12.132036075241993
72de6f20-621a-47aa-bbc2-ee12dc7ee47f,25bc20f3-4df6-4c2e-bc6d-dd501ab24f7b,418,1715938696346181087,1715938696474290087,128,574.163,437.317,0.09953283931756797,7.758962819212727
72de6f20-621a-47aa-bbc2-ee12dc7ee47f,25bc20f3-4df6-4c2e-bc6d-dd501ab24f7b,419,1715938696522202087,1715938698246214087,1724,468.811,368.952,-8.015244695691791,12.89889872098197
72de6f20-621a-47aa-bbc2-ee12dc7ee47f,25bc20f3-4df6-4c2e-bc6d-dd501ab24f7b,420,1715938698302221087,1715938698718252087,416,529.794,548.273,-3.2636656792058507,-0.6534748651475837
72de6f20-621a-47aa-bbc2-ee12dc7ee47f,25bc20f3-4df6-4c2e-bc6d-dd501ab24f7b,421,1715938698798214087,1715938700514246087,1716,510.786,382.561,-4.769635053855382,11.895898803151173
72de6f20-621a-47aa-bbc2-ee12dc7ee47f,25bc20f3-4df6-4c2e-bc6d-dd501ab24f7b,422,1715938700710196087,1715938703838201087,3128,515.962,377.671,-4.3758159599555855,12.268711401210998
72de6f20-621a-47aa-bbc2-ee12dc7ee47f,25bc20f3-4df6-4c2e-bc6d-dd501ab24f7b,423,1715938704030209087,1715938705590318087,1560,512.354,368.525,-4.66151933846588,12.959936465704917
72de6f20-621a-47aa-bbc2-ee12dc7ee47f,25bc20f3-4df6-4c2e-bc6d-dd501ab24f7b,424,1715938705650234087,1715938706114216087,463,353.603,378.967,-16.850094006849258,12.008155482008315
72de6f20-621a-47aa-bbc2-ee12dc7ee47f,25bc20f3-4df6-4c2e-bc6d-dd501ab24f7b,425,1715938706142203087,1715938706378618087,236,411.98,346.303,-12.451423655841895,14.544781665810751
72de6f20-621a-47aa-bbc2-ee12dc7ee47f,25bc20f3-4df6-4c2e-bc6d-dd501ab24f7b,426,1715938706398213087,1715938706742207087,343,468.361,387.259,-8.022149713012686,11.514841770899565
72de6f20-621a-47aa-bbc2-ee12dc7ee47f,25bc20f3-4df6-4c2e-bc6d-dd501ab24f7b,427,1715938706814194087,1715938707378192087,563,641.334,524.99,5.189590549346247,1.1100160595472803
72de6f20-621a-47aa-bbc2-ee12dc7ee47f,25bc20f3-4df6-4c2e-bc6d-dd501ab24f7b,428,1715938707430202087,1715938707686176087,255,566.603,510.443,-0.47526591196667817,2.214011412848679
72de6f20-621a-47aa-bbc2-ee12dc7ee47f,25bc20f3-4df6-4c2e-bc6d-dd501ab24f7b,429,1715938707726182087,1715938708090200087,364,630.755,501.841,4.39083025399862,2.864078529809069
72de6f20-621a-47aa-bbc2-ee12dc7ee47f,25bc20f3-4df6-4c2e-bc6d-dd501ab24f7b,430,1715938708150168087,1715938708662188087,512,449.155,368.692,-9.529373201510168,12.901002040622291
72de6f20-621a-47aa-bbc2-ee12dc7ee47f,25bc20f3-4df6-4c2e-bc6d-dd501ab24f7b,431,1715938708714221087,1715938708890228087,176,583.436,460.576,0.8040675849834192,5.995253084266053
72de6f20-621a-47aa-bbc2-ee12dc7ee47f,25bc20f3-4df6-4c2e-bc6d-dd501ab24f7b,432,1715938708930220087,1715938709058197087,127,555.049,509.659,-1.3511332686333701,2.2732486658788846
72de6f20-621a-47aa-bbc2-ee12dc7ee47f,25bc20f3-4df6-4c2e-bc6d-dd501ab24f7b,433,1715938709110215087,1715938710178247087,1068,471.978,365.452,-7.776844727304921,13.166114098336529
72de6f20-621a-47aa-bbc2-ee12dc7ee47f,25bc20f3-4df6-4c2e-bc6d-dd501ab24f7b,434,1715938710238211087,1715938710878167087,639,552.719,509.776,-1.5276830863522428,2.264286107228941
72de6f20-621a-47aa-bbc2-ee12dc7ee47f,25bc20f3-4df6-4c2e-bc6d-dd501ab24f7b,435,1715938710918186087,1715938711210209087,292,496.55,388.627,-5.8572050061783,11.429367557579013
72de6f20-621a-47aa-bbc2-ee12dc7ee47f,25bc20f3-4df6-4c2e-bc6d-dd501ab24f7b,436,1715938711238655087,1715938711726200087,487,476.53,357.479,-7.438450324404592,13.772729901476062
72de6f20-621a-47aa-bbc2-ee12dc7ee47f,25bc20f3-4df6-4c2e-bc6d-dd501ab24f7b,437,1715938711778208087,1715938712070210087,292,524.0,528.674,-3.7026290618663174,0.8312702570859735
72de6f20-621a-47aa-bbc2-ee12dc7ee47f,25bc20f3-4df6-4c2e-bc6d-dd501ab24f7b,438,1715938712110196087,1715938712250204087,140,534.559,449.336,-2.9157788203677275,6.843845837763899
72de6f20-621a-47aa-bbc2-ee12dc7ee47f,25bc20f3-4df6-4c2e-bc6d-dd501ab24f7b,439,1715938712290204087,1715938713330209087,1040,449.642,366.989,-9.495134662887418,13.029964107129226
72de6f20-621a-47aa-bbc2-ee12dc7ee47f,25bc20f3-4df6-4c2e-bc6d-dd501ab24f7b,440,1715938713398208087,1715938714482192087,1083,545.934,470.607,-2.0462751241731327,5.233064470839248
72de6f20-621a-47aa-bbc2-ee12dc7ee47f,25bc20f3-4df6-4c2e-bc6d-dd501ab24f7b,441,1715938714530187087,1715938715378169087,847,477.068,368.684,-7.379751634332988,12.925725424171915
72de6f20-621a-47aa-bbc2-ee12dc7ee47f,25bc20f3-4df6-4c2e-bc6d-dd501ab24f7b,442,1715938715430174087,1715938715670204087,240,572.472,446.008,-0.029554158473875318,7.099904609648358
72de6f20-621a-47aa-bbc2-ee12dc7ee47f,25bc20f3-4df6-4c2e-bc6d-dd501ab24f7b,443,1715938715690193087,1715938715914178087,223,557.804,431.691,-1.1483789355477334,8.184702411091735
72de6f20-621a-47aa-bbc2-ee12dc7ee47f,25bc20f3-4df6-4c2e-bc6d-dd501ab24f7b,444,1715938715954176087,1715938716122172087,167,518.885,528.851,-4.090092165400466,0.8177645961138843
72de6f20-621a-47aa-bbc2-ee12dc7ee47f,25bc20f3-4df6-4c2e-bc6d-dd501ab24f7b,445,1715938716146228087,1715938716342175087,195,553.792,524.186,-1.4458537676532461,1.171936582472357
72de6f20-621a-47aa-bbc2-ee12dc7ee47f,25bc20f3-4df6-4c2e-bc6d-dd501ab24f7b,446,1715938716374268087,1715938717426225087,1051,563.903,457.258,-0.6816597042504818,6.246484815544724
72de6f20-621a-47aa-bbc2-ee12dc7ee47f,25bc20f3-4df6-4c2e-bc6d-dd501ab24f7b,447,1715938717466205087,1715938717930199087,463,439.697,357.259,-10.282094433961223,13.753911017133092
72de6f20-621a-47aa-bbc2-ee12dc7ee47f,25bc20f3-4df6-4c2e-bc6d-dd501ab24f7b,448,1715938717982239087,1715938718278204087,295,510.155,522.075,-4.751774585272265,1.3305544098129527
72de6f20-621a-47aa-bbc2-ee12dc7ee47f,25bc20f3-4df6-4c2e-bc6d-dd501ab24f7b,449,1715938718318210087,1715938718554204087,235,593.679,548.085,1.5766984879893755,-0.6397099227661676
72de6f20-621a-47aa-bbc2-ee12dc7ee47f,25bc20f3-4df6-4c2e-bc6d-dd501ab24f7b,450,1715938718582217087,1715938718698242087,116,613.082,541.141,3.0472217896144715,-0.11320742478653979
72de6f20-621a-47aa-bbc2-ee12dc7ee47f,25bc20f3-4df6-4c2e-bc6d-dd501ab24f7b,451,1715938718754236087,1715938719090205087,335,442.495,351.149,-10.079671218961552,14.21801646618363
72de6f20-621a-47aa-bbc2-ee12dc7ee47f,25bc20f3-4df6-4c2e-bc6d-dd501ab24f7b,452,1715938719150214087,1715938719278204087,127,548.924,523.395,-1.8147873363796987,1.2318467341518233
72de6f20-621a-47aa-bbc2-ee12dc7ee47f,25bc20f3-4df6-4c2e-bc6d-dd501ab24f7b,453,1715938719318210087,1715938719438260087,120,632.414,537.872,4.5126218265727225,0.13454576291311132
72de6f20-621a-47aa-bbc2-ee12dc7ee47f,25bc20f3-4df6-4c2e-bc6d-dd501ab24f7b,454,1715938719490167087,1715938719662172087,172,466.513,534.142,-8.055124719482716,0.41628461041227116
72de6f20-621a-47aa-bbc2-ee12dc7ee47f,25bc20f3-4df6-4c2e-bc6d-dd501ab24f7b,455,1715938719682265087,1715938719762163087,79,445.162,541.351,-9.670756449478134,-0.1278282547925984
72de6f20-621a-47aa-bbc2-ee12dc7ee47f,25bc20f3-4df6-4c2e-bc6d-dd501ab24f7b,456,1715938719802160087,1715938719974235087,172,515.449,525.852,-4.350504604603743,1.044800717674006
72de6f20-621a-47aa-bbc2-ee12dc7ee47f,25bc20f3-4df6-4c2e-bc6d-dd501ab24f7b,457,1715938720010183087,1715938720150203087,140,588.294,556.155,1.1687830361034308,-1.25152362658673
72de6f20-621a-47aa-bbc2-ee12dc7ee47f,25bc20f3-4df6-4c2e-bc6d-dd501ab24f7b,458,1715938720330181087,1715938720510205087,180,461.241,367.203,-8.60127874391248,13.024633595099825
72de6f20-621a-47aa-bbc2-ee12dc7ee47f,25bc20f3-4df6-4c2e-bc6d-dd501ab24f7b,459,1715938720538218087,1715938721242229087,704,514.978,405.692,-4.430487917046414,10.145560109602785
72de6f20-621a-47aa-bbc2-ee12dc7ee47f,25bc20f3-4df6-4c2e-bc6d-dd501ab24f7b,460,1715938721274224087,1715938721922190087,647,547.288,433.526,-1.9501267937940925,8.044322531596013
72de6f20-621a-47aa-bbc2-ee12dc7ee47f,25bc20f3-4df6-4c2e-bc6d-dd501ab24f7b,461,1715938721958312087,1715938722478491087,520,558.509,364.654,-1.1048579874586208,13.268501607365964
72de6f20-621a-47aa-bbc2-ee12dc7ee47f,25bc20f3-4df6-4c2e-bc6d-dd501ab24f7b,462,1715938722530213087,1715938723206242087,676,428.066,378.029,-11.132597152445,12.175375885407494
72de6f20-621a-47aa-bbc2-ee12dc7ee47f,25bc20f3-4df6-4c2e-bc6d-dd501ab24f7b,463,1715938723254243087,1715938723670176087,415,542.511,365.331,-2.3387909865274987,13.213774223531919
72de6f20-621a-47aa-bbc2-ee12dc7ee47f,25bc20f3-4df6-4c2e-bc6d-dd501ab24f7b,464,1715938723710199087,1715938724258175087,547,434.01,376.748,-10.678491032181308,12.278179677094368
72de6f20-621a-47aa-bbc2-ee12dc7ee47f,25bc20f3-4df6-4c2e-bc6d-dd501ab24f7b,465,1715938724310194087,1715938724570180087,259,556.234,365.69,-1.2801372327935796,13.189517431010481
72de6f20-621a-47aa-bbc2-ee12dc7ee47f,25bc20f3-4df6-4c2e-bc6d-dd501ab24f7b,466,1715938724622185087,1715938725302208087,680,433.784,365.647,-10.719480750135386,13.11481050178438
72de6f20-621a-47aa-bbc2-ee12dc7ee47f,25bc20f3-4df6-4c2e-bc6d-dd501ab24f7b,467,1715938725358175087,1715938725790384087,432,472.589,461.3,-7.622128846560786,5.921386893307277
72de6f20-621a-47aa-bbc2-ee12dc7ee47f,25bc20f3-4df6-4c2e-bc6d-dd501ab24f7b,468,1715938725834254087,1715938726098269087,264,548.25,356.773,-1.8992489524344778,13.864282467628394
72de6f20-621a-47aa-bbc2-ee12dc7ee47f,25bc20f3-4df6-4c2e-bc6d-dd501ab24f7b,469,1715938726142215087,1715938726342216087,200,447.799,357.115,-9.657021914767968,13.773498124462341
72de6f20-621a-47aa-bbc2-ee12dc7ee47f,25bc20f3-4df6-4c2e-bc6d-dd501ab24f7b,470,1715938726386225087,1715938726846252087,460,553.022,346.895,-1.533427679442134,14.614591129463822
72de6f20-621a-47aa-bbc2-ee12dc7ee47f,25bc20f3-4df6-4c2e-bc6d-dd501ab24f7b,471,1715938726886168087,1715938727222176087,336,441.823,354.168,-10.124804360589492,13.989480897827432
72de6f20-621a-47aa-bbc2-ee12dc7ee47f,25bc20f3-4df6-4c2e-bc6d-dd501ab24f7b,472,1715938727270188087,1715938727990183087,719,553.496,359.858,-1.4929099299060853,13.631387785129661
72de6f20-621a-47aa-bbc2-ee12dc7ee47f,25bc20f3-4df6-4c2e-bc6d-dd501ab24f7b,473,1715938728022280087,1715938728150187087,127,464.729,373.353,-8.32236636745552,12.562920088072678
72de6f20-621a-47aa-bbc2-ee12dc7ee47f,25bc20f3-4df6-4c2e-bc6d-dd501ab24f7b,474,1715938728198227087,1715938728370219087,171,575.923,395.94,0.23628873059925112,10.896916237678642
72de6f20-621a-47aa-bbc2-ee12dc7ee47f,25bc20f3-4df6-4c2e-bc6d-dd501ab24f7b,475,1715938728410210087,1715938729006249087,596,542.974,450.652,-2.2750356979945914,6.745404858946292
72de6f20-621a-47aa-bbc2-ee12dc7ee47f,25bc20f3-4df6-4c2e-bc6d-dd501ab24f7b,476,1715938729178667087,1715938729394220087,215,579.298,482.429,0.48818965401346126,4.338257023882659
72de6f20-621a-47aa-bbc2-ee12dc7ee47f,25bc20f3-4df6-4c2e-bc6d-dd501ab24f7b,477,1715938729426200087,1715938729642197087,215,485.247,446.591,-6.669976512177772,7.038180102795196
72de6f20-621a-47aa-bbc2-ee12dc7ee47f,25bc20f3-4df6-4c2e-bc6d-dd501ab24f7b,478,1715938729674189087,1715938729814177087,139,519.774,427.591,-4.051064598703872,8.488193141539554
72de6f20-621a-47aa-bbc2-ee12dc7ee47f,25bc20f3-4df6-4c2e-bc6d-dd501ab24f7b,479,1715938729862188087,1715938730154228087,292,379.439,428.883,-14.748257240524286,8.303699541829296
72de6f20-621a-47aa-bbc2-ee12dc7ee47f,25bc20f3-4df6-4c2e-bc6d-dd501ab24f7b,480,1715938730182227087,1715938730434232087,252,485.604,416.174,-6.668013970308379,9.339171004042303
72de6f20-621a-47aa-bbc2-ee12dc7ee47f,25bc20f3-4df6-4c2e-bc6d-dd501ab24f7b,481,1715938730658192087,1715938732122192087,1464,508.688,386.662,-4.927255303330234,11.584335139744192
72de6f20-621a-47aa-bbc2-ee12dc7ee47f,25bc20f3-4df6-4c2e-bc6d-dd501ab24f7b,482,1715938732402183087,1715938733678188087,1276,509.679,394.047,-4.8450990598149115,11.025425598217492
72de6f20-621a-47aa-bbc2-ee12dc7ee47f,25bc20f3-4df6-4c2e-bc6d-dd501ab24f7b,483,1715938733722191087,1715938733870191087,148,408.399,393.507,-12.608363717310313,10.989272085865029
72de6f20-621a-47aa-bbc2-ee12dc7ee47f,25bc20f3-4df6-4c2e-bc6d-dd501ab24f7b,484,1715938733918316087,1715938734394188087,475,537.669,376.519,-2.7065455320443186,12.364087978375652
72de6f20-621a-47aa-bbc2-ee12dc7ee47f,25bc20f3-4df6-4c2e-bc6d-dd501ab24f7b,485,1715938734438219087,1715938735154179087,715,410.971,383.342,-12.433775381783345,11.75664644163956
72de6f20-621a-47aa-bbc2-ee12dc7ee47f,25bc20f3-4df6-4c2e-bc6d-dd501ab24f7b,486,1715938735314207087,1715938736182148087,867,403.14,381.774,-13.038591422401813,11.865418297252718
72de6f20-621a-47aa-bbc2-ee12dc7ee47f,25bc20f3-4df6-4c2e-bc6d-dd501ab24f7b,487,1715938736222208087,1715938736338220087,116,515.688,361.369,-4.410923980343505,13.503840871392258
72de6f20-621a-47aa-bbc2-ee12dc7ee47f,25bc20f3-4df6-4c2e-bc6d-dd501ab24f7b,488,1715938736378186087,1715938736902184087,523,409.696,377.338,-12.545705027585647,12.206812256312167
72de6f20-621a-47aa-bbc2-ee12dc7ee47f,25bc20f3-4df6-4c2e-bc6d-dd501ab24f7b,489,1715938736942230087,1715938737174360087,232,530.48,373.767,-3.261381288497152,12.570352435189902
72de6f20-621a-47aa-bbc2-ee12dc7ee47f,25bc20f3-4df6-4c2e-bc6d-dd501ab24f7b,490,1715938737222200087,1715938737354192087,131,410.575,375.405,-12.482800757626512,12.353279593250745
72de6f20-621a-47aa-bbc2-ee12dc7ee47f,25bc20f3-4df6-4c2e-bc6d-dd501ab24f7b,491,1715938737394252087,1715938737578241087,183,527.741,383.033,-3.4664032619625074,11.867117692814272
72de6f20-621a-47aa-bbc2-ee12dc7ee47f,25bc20f3-4df6-4c2e-bc6d-dd501ab24f7b,492,1715938737622184087,1715938737914212087,292,408.283,377.491,-12.653966389194142,12.193651428113043
72de6f20-621a-47aa-bbc2-ee12dc7ee47f,25bc20f3-4df6-4c2e-bc6d-dd501ab24f7b,493,1715938737954180087,1715938738214222087,260,534.655,377.944,-2.937729624898054,12.255119332907057
72de6f20-621a-47aa-bbc2-ee12dc7ee47f,25bc20f3-4df6-4c2e-bc6d-dd501ab24f7b,494,1715938738254314087,1715938738498344087,244,434.764,386.398,-10.601541077885717,11.55138816758036
72de6f20-621a-47aa-bbc2-ee12dc7ee47f,25bc20f3-4df6-4c2e-bc6d-dd501ab24f7b,495,1715938738534225087,1715938738794195087,259,528.107,373.528,-3.4442247727662925,12.58766998409115
72de6f20-621a-47aa-bbc2-ee12dc7ee47f,25bc20f3-4df6-4c2e-bc6d-dd501ab24f7b,496,1715938738842183087,1715938739154186087,312,412.075,387.66,-12.339341102980875,11.433065013407193
72de6f20-621a-47aa-bbc2-ee12dc7ee47f,25bc20f3-4df6-4c2e-bc6d-dd501ab24f7b,497,1715938739190197087,1715938739698366087,508,523.35,373.817,-3.810263156570388,12.563884628472232
72de6f20-621a-47aa-bbc2-ee12dc7ee47f,25bc20f3-4df6-4c2e-bc6d-dd501ab24f7b,498,1715938739742229087,1715938740070245087,328,406.314,382.308,-12.793601865181923,11.829057449140848
72de6f20-621a-47aa-bbc2-ee12dc7ee47f,25bc20f3-4df6-4c2e-bc6d-dd501ab24f7b,499,1715938740102211087,1715938740258236087,156,392.09,451.833,-13.747908228223888,6.592495821871312
72de6f20-621a-47aa-bbc2-ee12dc7ee47f,25bc20f3-4df6-4c2e-bc6d-dd501ab24f7b,500,1715938740294176087,1715938741642216087,1348,410.031,385.885,-12.500120461631587,11.564324537159152
72de6f20-621a-47aa-bbc2-ee12dc7ee47f,25bc20f3-4df6-4c2e-bc6d-dd501ab24f7b,501,1715938741682254087,1715938742014165087,331,512.143,386.105,-4.662424482423513,11.62809487164714
72de6f20-621a-47aa-bbc2-ee12dc7ee47f,25bc20f3-4df6-4c2e-bc6d-dd501ab24f7b,502,1715938742050215087,1715938742454203087,403,431.458,381.045,-10.865778104776423,11.951607348162637
72de6f20-621a-47aa-bbc2-ee12dc7ee47f,25bc20f3-4df6-4c2e-bc6d-dd501ab24f7b,503,1715938742494253087,1715938743002243087,507,502.854,373.753,-5.388033412441218,12.558970607346096
72de6f20-621a-47aa-bbc2-ee12dc7ee47f,25bc20f3-4df6-4c2e-bc6d-dd501ab24f7b,504,1715938743042253087,1715938743546308087,504,582.185,391.991,0.7172605368282031,11.1963568180001
72de6f20-621a-47aa-bbc2-ee12dc7ee47f,25bc20f3-4df6-4c2e-bc6d-dd501ab24f7b,505,1715938743582196087,1715938744058193087,475,537.849,324.981,-2.72233122088483,16.272538028652246
72de6f20-621a-47aa-bbc2-ee12dc7ee47f,25bc20f3-4df6-4c2e-bc6d-dd501ab24f7b,506,1715938744234245087,1715938744706178087,471,499.218,336.753,-5.713177279331699,15.35888675071133
72de6f20-621a-47aa-bbc2-ee12dc7ee47f,25bc20f3-4df6-4c2e-bc6d-dd501ab24f7b,507,1715938744742184087,1715938745174197087,432,493.044,431.151,-6.087511801471914,8.209337175311218
72de6f20-621a-47aa-bbc2-ee12dc7ee47f,25bc20f3-4df6-4c2e-bc6d-dd501ab24f7b,508,1715938745434198087,1715938745718191087,283,506.915,392.404,-5.058440927069152,11.148617825741352
72de6f20-621a-47aa-bbc2-ee12dc7ee47f,25bc20f3-4df6-4c2e-bc6d-dd501ab24f7b,509,1715938745750208087,1715938746114201087,363,469.735,432.074,-7.863488148969212,8.128909145383703
72de6f20-621a-47aa-bbc2-ee12dc7ee47f,25bc20f3-4df6-4c2e-bc6d-dd501ab24f7b,510,1715938746150214087,1715938746422185087,271,475.425,389.582,-7.476959451846255,11.34421627089298
72de6f20-621a-47aa-bbc2-ee12dc7ee47f,25bc20f3-4df6-4c2e-bc6d-dd501ab24f7b,511,1715938746470185087,1715938746574192087,104,392.314,354.0,-13.948278314390777,13.937689329351509
72de6f20-621a-47aa-bbc2-ee12dc7ee47f,25bc20f3-4df6-4c2e-bc6d-dd501ab24f7b,512,1715938746630173087,1715938746750236087,120,482.201,433.223,-6.912329727015605,8.048032271715677
72de6f20-621a-47aa-bbc2-ee12dc7ee47f,25bc20f3-4df6-4c2e-bc6d-dd501ab24f7b,513,1715938746794237087,1715938747010220087,215,408.323,431.326,-12.543518347106147,8.145301736881057
72de6f20-621a-47aa-bbc2-ee12dc7ee47f,25bc20f3-4df6-4c2e-bc6d-dd501ab24f7b,514,1715938747042181087,1715938747410189087,368,375.074,342.165,-15.320711743369,14.797979004540808
72de6f20-621a-47aa-bbc2-ee12dc7ee47f,25bc20f3-4df6-4c2e-bc6d-dd501ab24f7b,515,1715938747438228087,1715938747590192087,151,410.926,325.227,-12.597701201767618,16.129544020936873
72de6f20-621a-47aa-bbc2-ee12dc7ee47f,25bc20f3-4df6-4c2e-bc6d-dd501ab24f7b,516,1715938747630193087,1715938748262177087,631,323.875,355.515,-19.225636484646646,13.70549355255423
72de6f20-621a-47aa-bbc2-ee12dc7ee47f,25bc20f3-4df6-4c2e-bc6d-dd501ab24f7b,517,1715938748298208087,1715938748426217087,128,398.617,352.876,-13.464933604372034,14.031455559237777
72de6f20-621a-47aa-bbc2-ee12dc7ee47f,25bc20f3-4df6-4c2e-bc6d-dd501ab24f7b,518,1715938748482226087,1715938748678180087,195,523.915,468.711,-3.7194060551289256,5.373884420869467
72de6f20-621a-47aa-bbc2-ee12dc7ee47f,25bc20f3-4df6-4c2e-bc6d-dd501ab24f7b,519,1715938748718645087,1715938749270213087,551,437.628,459.552,-10.279317323795,6.038554526046443
72de6f20-621a-47aa-bbc2-ee12dc7ee47f,25bc20f3-4df6-4c2e-bc6d-dd501ab24f7b,520,1715938749354192087,1715938749560753087,206,589.444,738.768,1.2897946242766607,-15.088590189777719
72de6f20-621a-47aa-bbc2-ee12dc7ee47f,25bc20f3-4df6-4c2e-bc6d-dd501ab24f7b,521,1715938749606214087,1715938749806216087,200,565.446,826.02,-0.5808614590438945,-21.70188160723615
72de6f20-621a-47aa-bbc2-ee12dc7ee47f,25bc20f3-4df6-4c2e-bc6d-dd501ab24f7b,522,1715938749826319087,1715938750242190087,415,521.928,847.774,-4.075508209779476,-23.3318799980147
